i,j,P,Q,est
0,1,X,X,-0.09
0,1,X,Y,-0.198
0,1,X,Z,0.036
0,1,Y,X,-0.09
0,1,Y,Y,0.18
0,1,Y,Z,-0.171
0,1,Z,X,0.018
0,1,Z,Y,-0.09
0,1,Z,Z,1.107
0,2,X,X,0.009
0,2,X,Y,0.054
0,2,X,Z,-0.063
0,2,Y,X,-0.09
0,2,Y,Y,-0.027
0,2,Y,Z,-0.054
0,2,Z,X,-0.027
0,2,Z,Y,-0.045
0,2,Z,Z,1.053
0,3,X,X,0.036
0,3,X,Y,-0.045
0,3,X,Z,-0.081
0,3,Y,X,0.054
0,3,Y,Y,0.018
0,3,Y,Z,-0.099
0,3,Z,X,0.018
0,3,Z,Y,0.027
0,3,Z,Z,1.116
0,4,X,X,-0.09
0,4,X,Y,0.027
0,4,X,Z,-0.153
0,4,Y,X,0.108
0,4,Y,Y,-0.063
0,4,Y,Z,-0.054
0,4,Z,X,0.045
0,4,Z,Y,-0.09
0,4,Z,Z,0.972
0,5,X,X,-0.027
0,5,X,Y,-0.072
0,5,X,Z,-0.081
0,5,Y,X,-0.027
0,5,Y,Y,-0.009
0,5,Y,Z,-0.225
0,5,Z,X,-0.045
0,5,Z,Y,0.027
0,5,Z,Z,1.017
0,6,X,X,-0.063
0,6,X,Y,-0.108
0,6,X,Z,-0.081
0,6,Y,X,0.072
0,6,Y,Y,0.027
0,6,Y,Z,-0.072
0,6,Z,X,0.063
0,6,Z,Y,-0.027
0,6,Z,Z,0.981
0,7,X,X,-0.18
0,7,X,Y,-0.018
0,7,X,Z,0.054
0,7,Y,X,0.036
0,7,Y,Y,-0.009
0,7,Y,Z,-0.018
0,7,Z,X,-0.198
0,7,Z,Y,-0.09
0,7,Z,Z,0.909
0,8,X,X,0.045
0,8,X,Y,-0.072
0,8,X,Z,0.207
0,8,Y,X,0.009
0,8,Y,Y,-0.018
0,8,Y,Z,-0.126
0,8,Z,X,0.036
0,8,Z,Y,0.0
0,8,Z,Z,0.945
0,9,X,X,-0.126
0,9,X,Y,-0.009
0,9,X,Z,0.027
0,9,Y,X,0.144
0,9,Y,Y,0.117
0,9,Y,Z,-0.162
0,9,Z,X,-0.081
0,9,Z,Y,-0.054
0,9,Z,Z,1.008
0,10,X,X,0.189
0,10,X,Y,0.081
0,10,X,Z,-0.09
0,10,Y,X,0.117
0,10,Y,Y,0.135
0,10,Y,Z,-0.135
0,10,Z,X,0.036
0,10,Z,Y,-0.135
0,10,Z,Z,1.134
0,11,X,X,-0.144
0,11,X,Y,0.027
0,11,X,Z,-0.081
0,11,Y,X,0.027
0,11,Y,Y,0.063
0,11,Y,Z,-0.117
0,11,Z,X,0.036
0,11,Z,Y,0.099
0,11,Z,Z,1.098
0,12,X,X,-0.099
0,12,X,Y,-0.045
0,12,X,Z,0.018
0,12,Y,X,0.234
0,12,Y,Y,0.036
0,12,Y,Z,-0.135
0,12,Z,X,-0.054
0,12,Z,Y,-0.027
0,12,Z,Z,1.17
0,13,X,X,-0.09
0,13,X,Y,0.054
0,13,X,Z,-0.144
0,13,Y,X,0.009
0,13,Y,Y,0.027
0,13,Y,Z,0.063
0,13,Z,X,0.072
0,13,Z,Y,-0.063
0,13,Z,Z,1.062
0,14,X,X,0.063
0,14,X,Y,-0.072
0,14,X,Z,-0.063
0,14,Y,X,0.018
0,14,Y,Y,0.0
0,14,Y,Z,-0.117
0,14,Z,X,0.009
0,14,Z,Y,-0.054
0,14,Z,Z,1.08
0,15,X,X,0.153
0,15,X,Y,0.0
0,15,X,Z,-0.081
0,15,Y,X,0.009
0,15,Y,Y,0.027
0,15,Y,Z,-0.099
0,15,Z,X,0.117
0,15,Z,Y,0.027
0,15,Z,Z,1.017
0,16,X,X,0.153
0,16,X,Y,0.117
0,16,X,Z,-0.144
0,16,Y,X,-0.063
0,16,Y,Y,0.126
0,16,Y,Z,-0.036
0,16,Z,X,-0.072
0,16,Z,Y,-0.099
0,16,Z,Z,1.008
0,17,X,X,0.018
0,17,X,Y,-0.036
0,17,X,Z,-0.18
0,17,Y,X,0.018
0,17,Y,Y,0.09
0,17,Y,Z,-0.027
0,17,Z,X,0.063
0,17,Z,Y,0.045
0,17,Z,Z,0.891
0,18,X,X,0.063
0,18,X,Y,0.054
0,18,X,Z,-0.081
0,18,Y,X,0.036
0,18,Y,Y,0.0
0,18,Y,Z,-0.009
0,18,Z,X,0.009
0,18,Z,Y,-0.063
0,18,Z,Z,0.963
0,19,X,X,-0.054
0,19,X,Y,0.144
0,19,X,Z,-0.072
0,19,Y,X,-0.054
0,19,Y,Y,-0.099
0,19,Y,Z,-0.288
0,19,Z,X,0.225
0,19,Z,Y,-0.09
0,19,Z,Z,1.008
0,20,X,X,-0.117
0,20,X,Y,-0.027
0,20,X,Z,-0.054
0,20,Y,X,-0.234
0,20,Y,Y,-0.072
0,20,Y,Z,-0.153
0,20,Z,X,-0.045
0,20,Z,Y,0.0
0,20,Z,Z,0.936
0,21,X,X,0.018
0,21,X,Y,0.27
0,21,X,Z,-0.144
0,21,Y,X,0.054
0,21,Y,Y,-0.108
0,21,Y,Z,-0.153
0,21,Z,X,-0.099
0,21,Z,Y,0.018
0,21,Z,Z,1.026
0,22,X,X,0.072
0,22,X,Y,0.144
0,22,X,Z,-0.144
0,22,Y,X,-0.018
0,22,Y,Y,0.09
0,22,Y,Z,0.009
0,22,Z,X,-0.054
0,22,Z,Y,0.018
0,22,Z,Z,1.053
0,23,X,X,-0.009
0,23,X,Y,-0.054
0,23,X,Z,-0.135
0,23,Y,X,-0.063
0,23,Y,Y,-0.126
0,23,Y,Z,-0.198
0,23,Z,X,-0.018
0,23,Z,Y,-0.099
0,23,Z,Z,0.99
0,24,X,X,-0.036
0,24,X,Y,-0.135
0,24,X,Z,0.027
0,24,Y,X,-0.009
0,24,Y,Y,0.144
0,24,Y,Z,0.018
0,24,Z,X,0.009
0,24,Z,Y,-0.171
0,24,Z,Z,1.035
0,25,X,X,0.081
0,25,X,Y,-0.054
0,25,X,Z,-0.045
0,25,Y,X,0.009
0,25,Y,Y,0.072
0,25,Y,Z,-0.108
0,25,Z,X,-0.099
0,25,Z,Y,-0.09
0,25,Z,Z,0.882
0,26,X,X,0.018
0,26,X,Y,-0.036
0,26,X,Z,-0.144
0,26,Y,X,-0.072
0,26,Y,Y,-0.009
0,26,Y,Z,-0.144
0,26,Z,X,-0.225
0,26,Z,Y,-0.09
0,26,Z,Z,1.044
0,27,X,X,0.135
0,27,X,Y,0.135
0,27,X,Z,0.0
0,27,Y,X,-0.063
0,27,Y,Y,-0.063
0,27,Y,Z,-0.117
0,27,Z,X,0.117
0,27,Z,Y,0.009
0,27,Z,Z,1.107
0,28,X,X,0.0
0,28,X,Y,0.162
0,28,X,Z,-0.054
0,28,Y,X,-0.063
0,28,Y,Y,-0.036
0,28,Y,Z,0.036
0,28,Z,X,-0.09
0,28,Z,Y,0.099
0,28,Z,Z,1.116
0,29,X,X,-0.072
0,29,X,Y,0.027
0,29,X,Z,-0.135
0,29,Y,X,0.108
0,29,Y,Y,0.126
0,29,Y,Z,-0.117
0,29,Z,X,0.018
0,29,Z,Y,0.081
0,29,Z,Z,1.008
1,2,X,X,0.126
1,2,X,Y,0.045
1,2,X,Z,-0.063
1,2,Y,X,0.0
1,2,Y,Y,0.135
1,2,Y,Z,-0.009
1,2,Z,X,-0.054
1,2,Z,Y,-0.126
1,2,Z,Z,1.062
1,3,X,X,0.234
1,3,X,Y,-0.126
1,3,X,Z,0.216
1,3,Y,X,0.117
1,3,Y,Y,-0.018
1,3,Y,Z,0.027
1,3,Z,X,-0.045
1,3,Z,Y,-0.054
1,3,Z,Z,1.143
1,4,X,X,-0.036
1,4,X,Y,0.045
1,4,X,Z,0.045
1,4,Y,X,-0.027
1,4,Y,Y,0.072
1,4,Y,Z,-0.009
1,4,Z,X,0.018
1,4,Z,Y,0.045
1,4,Z,Z,1.035
1,5,X,X,-0.027
1,5,X,Y,0.081
1,5,X,Z,0.072
1,5,Y,X,-0.009
1,5,Y,Y,0.045
1,5,Y,Z,-0.108
1,5,Z,X,-0.099
1,5,Z,Y,0.144
1,5,Z,Z,1.053
1,6,X,X,-0.162
1,6,X,Y,0.126
1,6,X,Z,0.09
1,6,Y,X,0.162
1,6,Y,Y,0.054
1,6,Y,Z,-0.18
1,6,Z,X,0.0
1,6,Z,Y,-0.036
1,6,Z,Z,1.08
1,7,X,X,-0.162
1,7,X,Y,-0.108
1,7,X,Z,0.018
1,7,Y,X,-0.054
1,7,Y,Y,-0.045
1,7,Y,Z,-0.027
1,7,Z,X,-0.198
1,7,Z,Y,-0.126
1,7,Z,Z,1.134
1,8,X,X,-0.135
1,8,X,Y,0.045
1,8,X,Z,-0.018
1,8,Y,X,0.018
1,8,Y,Y,-0.09
1,8,Y,Z,-0.234
1,8,Z,X,-0.063
1,8,Z,Y,0.135
1,8,Z,Z,0.954
1,9,X,X,0.135
1,9,X,Y,-0.054
1,9,X,Z,-0.081
1,9,Y,X,-0.045
1,9,Y,Y,0.117
1,9,Y,Z,-0.198
1,9,Z,X,-0.171
1,9,Z,Y,0.027
1,9,Z,Z,0.936
1,10,X,X,-0.09
1,10,X,Y,0.108
1,10,X,Z,0.018
1,10,Y,X,-0.099
1,10,Y,Y,-0.063
1,10,Y,Z,-0.18
1,10,Z,X,-0.009
1,10,Z,Y,-0.036
1,10,Z,Z,1.125
1,11,X,X,0.108
1,11,X,Y,0.0
1,11,X,Z,0.0
1,11,Y,X,0.027
1,11,Y,Y,-0.063
1,11,Y,Z,-0.126
1,11,Z,X,-0.036
1,11,Z,Y,0.018
1,11,Z,Z,1.026
1,12,X,X,0.072
1,12,X,Y,-0.081
1,12,X,Z,0.027
1,12,Y,X,0.045
1,12,Y,Y,-0.117
1,12,Y,Z,-0.126
1,12,Z,X,-0.036
1,12,Z,Y,0.0
1,12,Z,Z,1.188
1,13,X,X,0.063
1,13,X,Y,-0.108
1,13,X,Z,-0.153
1,13,Y,X,0.153
1,13,Y,Y,-0.054
1,13,Y,Z,-0.081
1,13,Z,X,-0.045
1,13,Z,Y,-0.018
1,13,Z,Z,0.927
1,14,X,X,0.009
1,14,X,Y,0.027
1,14,X,Z,0.036
1,14,Y,X,0.153
1,14,Y,Y,0.153
1,14,Y,Z,-0.126
1,14,Z,X,-0.018
1,14,Z,Y,-0.054
1,14,Z,Z,1.026
1,15,X,X,0.045
1,15,X,Y,0.099
1,15,X,Z,0.0
1,15,Y,X,-0.027
1,15,Y,Y,-0.063
1,15,Y,Z,-0.09
1,15,Z,X,-0.081
1,15,Z,Y,-0.126
1,15,Z,Z,1.035
1,16,X,X,0.054
1,16,X,Y,-0.018
1,16,X,Z,0.036
1,16,Y,X,-0.054
1,16,Y,Y,0.117
1,16,Y,Z,-0.189
1,16,Z,X,0.108
1,16,Z,Y,0.081
1,16,Z,Z,0.945
1,17,X,X,0.0
1,17,X,Y,-0.072
1,17,X,Z,0.018
1,17,Y,X,-0.207
1,17,Y,Y,0.063
1,17,Y,Z,-0.18
1,17,Z,X,-0.054
1,17,Z,Y,-0.018
1,17,Z,Z,1.062
1,18,X,X,0.0
1,18,X,Y,-0.036
1,18,X,Z,-0.126
1,18,Y,X,0.009
1,18,Y,Y,0.036
1,18,Y,Z,-0.081
1,18,Z,X,-0.045
1,18,Z,Y,-0.027
1,18,Z,Z,1.008
1,19,X,X,-0.108
1,19,X,Y,0.207
1,19,X,Z,-0.027
1,19,Y,X,-0.09
1,19,Y,Y,0.036
1,19,Y,Z,0.054
1,19,Z,X,0.315
1,19,Z,Y,-0.072
1,19,Z,Z,1.107
1,20,X,X,0.009
1,20,X,Y,-0.135
1,20,X,Z,0.036
1,20,Y,X,-0.063
1,20,Y,Y,0.072
1,20,Y,Z,-0.261
1,20,Z,X,-0.054
1,20,Z,Y,0.09
1,20,Z,Z,0.99
1,21,X,X,0.198
1,21,X,Y,-0.054
1,21,X,Z,0.072
1,21,Y,X,-0.063
1,21,Y,Y,0.0
1,21,Y,Z,-0.099
1,21,Z,X,-0.054
1,21,Z,Y,0.216
1,21,Z,Z,1.044
1,22,X,X,0.153
1,22,X,Y,-0.054
1,22,X,Z,0.117
1,22,Y,X,0.081
1,22,Y,Y,-0.081
1,22,Y,Z,-0.09
1,22,Z,X,-0.072
1,22,Z,Y,-0.009
1,22,Z,Z,1.035
1,23,X,X,-0.108
1,23,X,Y,-0.207
1,23,X,Z,0.009
1,23,Y,X,0.0
1,23,Y,Y,0.081
1,23,Y,Z,-0.207
1,23,Z,X,0.0
1,23,Z,Y,-0.027
1,23,Z,Z,1.089
1,24,X,X,0.117
1,24,X,Y,0.0
1,24,X,Z,0.063
1,24,Y,X,0.054
1,24,Y,Y,-0.153
1,24,Y,Z,-0.207
1,24,Z,X,0.009
1,24,Z,Y,-0.117
1,24,Z,Z,1.026
1,25,X,X,-0.018
1,25,X,Y,0.009
1,25,X,Z,0.099
1,25,Y,X,-0.045
1,25,Y,Y,0.036
1,25,Y,Z,-0.099
1,25,Z,X,0.036
1,25,Z,Y,-0.063
1,25,Z,Z,1.071
1,26,X,X,-0.063
1,26,X,Y,-0.252
1,26,X,Z,0.009
1,26,Y,X,0.135
1,26,Y,Y,-0.009
1,26,Y,Z,-0.126
1,26,Z,X,-0.153
1,26,Z,Y,-0.108
1,26,Z,Z,1.107
1,27,X,X,0.063
1,27,X,Y,0.135
1,27,X,Z,0.126
1,27,Y,X,-0.045
1,27,Y,Y,0.009
1,27,Y,Z,-0.09
1,27,Z,X,0.063
1,27,Z,Y,-0.135
1,27,Z,Z,1.152
1,28,X,X,-0.027
1,28,X,Y,0.108
1,28,X,Z,-0.027
1,28,Y,X,0.117
1,28,Y,Y,0.027
1,28,Y,Z,-0.018
1,28,Z,X,-0.081
1,28,Z,Y,-0.036
1,28,Z,Z,1.125
1,29,X,X,-0.018
1,29,X,Y,0.045
1,29,X,Z,0.099
1,29,Y,X,-0.045
1,29,Y,Y,0.054
1,29,Y,Z,-0.081
1,29,Z,X,0.045
1,29,Z,Y,-0.117
1,29,Z,Z,0.972
2,3,X,X,0.207
2,3,X,Y,-0.081
2,3,X,Z,0.018
2,3,Y,X,-0.126
2,3,Y,Y,-0.018
2,3,Y,Z,-0.072
2,3,Z,X,-0.063
2,3,Z,Y,-0.063
2,3,Z,Z,1.044
2,4,X,X,0.054
2,4,X,Y,0.009
2,4,X,Z,-0.009
2,4,Y,X,0.027
2,4,Y,Y,-0.144
2,4,Y,Z,-0.063
2,4,Z,X,0.09
2,4,Z,Y,-0.099
2,4,Z,Z,0.855
2,5,X,X,0.063
2,5,X,Y,0.252
2,5,X,Z,0.099
2,5,Y,X,-0.036
2,5,Y,Y,0.135
2,5,Y,Z,0.027
2,5,Z,X,-0.072
2,5,Z,Y,-0.045
2,5,Z,Z,1.053
2,6,X,X,-0.162
2,6,X,Y,0.126
2,6,X,Z,0.036
2,6,Y,X,0.009
2,6,Y,Y,0.171
2,6,Y,Z,-0.072
2,6,Z,X,-0.009
2,6,Z,Y,-0.009
2,6,Z,Z,1.008
2,7,X,X,0.027
2,7,X,Y,-0.153
2,7,X,Z,0.054
2,7,Y,X,0.054
2,7,Y,Y,0.036
2,7,Y,Z,0.018
2,7,Z,X,-0.099
2,7,Z,Y,-0.072
2,7,Z,Z,0.927
2,8,X,X,-0.009
2,8,X,Y,0.243
2,8,X,Z,-0.18
2,8,Y,X,-0.09
2,8,Y,Y,-0.009
2,8,Y,Z,-0.135
2,8,Z,X,0.045
2,8,Z,Y,-0.054
2,8,Z,Z,0.945
2,9,X,X,0.054
2,9,X,Y,-0.09
2,9,X,Z,-0.018
2,9,Y,X,0.018
2,9,Y,Y,0.216
2,9,Y,Z,-0.036
2,9,Z,X,-0.171
2,9,Z,Y,-0.072
2,9,Z,Z,0.873
2,10,X,X,0.018
2,10,X,Y,0.072
2,10,X,Z,-0.072
2,10,Y,X,0.117
2,10,Y,Y,0.027
2,10,Y,Z,-0.036
2,10,Z,X,0.171
2,10,Z,Y,-0.144
2,10,Z,Z,0.945
2,11,X,X,0.009
2,11,X,Y,0.036
2,11,X,Z,0.135
2,11,Y,X,-0.09
2,11,Y,Y,-0.018
2,11,Y,Z,-0.27
2,11,Z,X,0.0
2,11,Z,Y,-0.117
2,11,Z,Z,0.909
2,12,X,X,0.135
2,12,X,Y,0.045
2,12,X,Z,-0.054
2,12,Y,X,-0.117
2,12,Y,Y,-0.117
2,12,Y,Z,-0.036
2,12,Z,X,0.081
2,12,Z,Y,0.09
2,12,Z,Z,1.053
2,13,X,X,0.09
2,13,X,Y,-0.045
2,13,X,Z,0.063
2,13,Y,X,0.108
2,13,Y,Y,0.027
2,13,Y,Z,-0.081
2,13,Z,X,0.045
2,13,Z,Y,-0.09
2,13,Z,Z,0.927
2,14,X,X,-0.018
2,14,X,Y,0.135
2,14,X,Z,0.099
2,14,Y,X,0.081
2,14,Y,Y,0.135
2,14,Y,Z,0.108
2,14,Z,X,0.081
2,14,Z,Y,-0.036
2,14,Z,Z,1.017
2,15,X,X,0.297
2,15,X,Y,0.0
2,15,X,Z,-0.045
2,15,Y,X,-0.09
2,15,Y,Y,-0.162
2,15,Y,Z,0.036
2,15,Z,X,-0.072
2,15,Z,Y,-0.018
2,15,Z,Z,0.918
2,16,X,X,0.144
2,16,X,Y,-0.162
2,16,X,Z,-0.036
2,16,Y,X,-0.108
2,16,Y,Y,-0.009
2,16,Y,Z,-0.153
2,16,Z,X,0.162
2,16,Z,Y,-0.081
2,16,Z,Z,1.035
2,17,X,X,0.054
2,17,X,Y,0.063
2,17,X,Z,-0.063
2,17,Y,X,-0.081
2,17,Y,Y,-0.063
2,17,Y,Z,-0.036
2,17,Z,X,0.072
2,17,Z,Y,0.027
2,17,Z,Z,0.999
2,18,X,X,-0.243
2,18,X,Y,-0.18
2,18,X,Z,-0.153
2,18,Y,X,-0.045
2,18,Y,Y,0.216
2,18,Y,Z,-0.027
2,18,Z,X,0.018
2,18,Z,Y,-0.045
2,18,Z,Z,0.981
2,19,X,X,0.009
2,19,X,Y,0.018
2,19,X,Z,-0.009
2,19,Y,X,0.054
2,19,Y,Y,-0.072
2,19,Y,Z,-0.054
2,19,Z,X,0.126
2,19,Z,Y,-0.009
2,19,Z,Z,0.999
2,20,X,X,0.072
2,20,X,Y,-0.108
2,20,X,Z,-0.036
2,20,Y,X,0.099
2,20,Y,Y,0.09
2,20,Y,Z,0.009
2,20,Z,X,0.081
2,20,Z,Y,0.045
2,20,Z,Z,0.9
2,21,X,X,0.198
2,21,X,Y,-0.135
2,21,X,Z,-0.117
2,21,Y,X,-0.063
2,21,Y,Y,0.027
2,21,Y,Z,-0.144
2,21,Z,X,-0.126
2,21,Z,Y,0.054
2,21,Z,Z,0.954
2,22,X,X,0.036
2,22,X,Y,0.108
2,22,X,Z,-0.036
2,22,Y,X,-0.045
2,22,Y,Y,-0.279
2,22,Y,Z,-0.108
2,22,Z,X,-0.063
2,22,Z,Y,0.045
2,22,Z,Z,1.026
2,23,X,X,0.09
2,23,X,Y,0.162
2,23,X,Z,-0.162
2,23,Y,X,0.0
2,23,Y,Y,-0.018
2,23,Y,Z,-0.126
2,23,Z,X,-0.036
2,23,Z,Y,-0.009
2,23,Z,Z,0.873
2,24,X,X,-0.009
2,24,X,Y,0.117
2,24,X,Z,0.0
2,24,Y,X,-0.09
2,24,Y,Y,0.09
2,24,Y,Z,-0.126
2,24,Z,X,0.063
2,24,Z,Y,-0.189
2,24,Z,Z,1.044
2,25,X,X,0.036
2,25,X,Y,-0.045
2,25,X,Z,0.027
2,25,Y,X,-0.117
2,25,Y,Y,-0.054
2,25,Y,Z,-0.027
2,25,Z,X,0.09
2,25,Z,Y,-0.135
2,25,Z,Z,0.999
2,26,X,X,0.126
2,26,X,Y,-0.072
2,26,X,Z,-0.108
2,26,Y,X,-0.045
2,26,Y,Y,0.018
2,26,Y,Z,-0.081
2,26,Z,X,0.0
2,26,Z,Y,0.009
2,26,Z,Z,0.945
2,27,X,X,-0.126
2,27,X,Y,0.0
2,27,X,Z,-0.072
2,27,Y,X,-0.063
2,27,Y,Y,-0.162
2,27,Y,Z,0.027
2,27,Z,X,0.072
2,27,Z,Y,-0.027
2,27,Z,Z,0.909
2,28,X,X,0.081
2,28,X,Y,-0.063
2,28,X,Z,-0.108
2,28,Y,X,-0.108
2,28,Y,Y,-0.09
2,28,Y,Z,-0.18
2,28,Z,X,-0.018
2,28,Z,Y,0.036
2,28,Z,Z,1.134
2,29,X,X,0.054
2,29,X,Y,-0.081
2,29,X,Z,-0.081
2,29,Y,X,0.018
2,29,Y,Y,0.036
2,29,Y,Z,-0.072
2,29,Z,X,-0.108
2,29,Z,Y,0.009
2,29,Z,Z,0.891
3,4,X,X,0.054
3,4,X,Y,-0.09
3,4,X,Z,-0.018
3,4,Y,X,0.09
3,4,Y,Y,0.099
3,4,Y,Z,-0.117
3,4,Z,X,0.009
3,4,Z,Y,-0.171
3,4,Z,Z,1.062
3,5,X,X,0.054
3,5,X,Y,-0.027
3,5,X,Z,-0.099
3,5,Y,X,-0.099
3,5,Y,Y,-0.072
3,5,Y,Z,-0.099
3,5,Z,X,0.018
3,5,Z,Y,0.135
3,5,Z,Z,0.999
3,6,X,X,0.045
3,6,X,Y,-0.234
3,6,X,Z,-0.045
3,6,Y,X,0.18
3,6,Y,Y,0.045
3,6,Y,Z,-0.045
3,6,Z,X,0.045
3,6,Z,Y,0.009
3,6,Z,Z,0.972
3,7,X,X,-0.036
3,7,X,Y,-0.036
3,7,X,Z,0.09
3,7,Y,X,0.072
3,7,Y,Y,0.252
3,7,Y,Z,-0.018
3,7,Z,X,-0.198
3,7,Z,Y,-0.027
3,7,Z,Z,1.071
3,8,X,X,-0.036
3,8,X,Y,0.018
3,8,X,Z,-0.126
3,8,Y,X,0.0
3,8,Y,Y,-0.027
3,8,Y,Z,0.027
3,8,Z,X,-0.054
3,8,Z,Y,0.171
3,8,Z,Z,0.981
3,9,X,X,0.045
3,9,X,Y,0.009
3,9,X,Z,0.018
3,9,Y,X,0.054
3,9,Y,Y,0.036
3,9,Y,Z,0.0
3,9,Z,X,-0.018
3,9,Z,Y,-0.063
3,9,Z,Z,0.963
3,10,X,X,-0.171
3,10,X,Y,0.144
3,10,X,Z,0.009
3,10,Y,X,0.144
3,10,Y,Y,-0.036
3,10,Y,Z,-0.036
3,10,Z,X,0.063
3,10,Z,Y,-0.135
3,10,Z,Z,0.882
3,11,X,X,0.045
3,11,X,Y,-0.126
3,11,X,Z,-0.027
3,11,Y,X,0.063
3,11,Y,Y,-0.081
3,11,Y,Z,0.018
3,11,Z,X,0.099
3,11,Z,Y,-0.072
3,11,Z,Z,1.053
3,12,X,X,-0.045
3,12,X,Y,-0.063
3,12,X,Z,-0.09
3,12,Y,X,0.009
3,12,Y,Y,-0.045
3,12,Y,Z,-0.126
3,12,Z,X,-0.009
3,12,Z,Y,0.126
3,12,Z,Z,1.053
3,13,X,X,-0.135
3,13,X,Y,-0.081
3,13,X,Z,0.036
3,13,Y,X,-0.081
3,13,Y,Y,0.045
3,13,Y,Z,0.072
3,13,Z,X,0.027
3,13,Z,Y,0.054
3,13,Z,Z,1.125
3,14,X,X,-0.009
3,14,X,Y,-0.063
3,14,X,Z,0.054
3,14,Y,X,-0.009
3,14,Y,Y,-0.027
3,14,Y,Z,-0.036
3,14,Z,X,0.036
3,14,Z,Y,-0.108
3,14,Z,Z,1.098
3,15,X,X,0.045
3,15,X,Y,-0.117
3,15,X,Z,-0.054
3,15,Y,X,0.009
3,15,Y,Y,0.063
3,15,Y,Z,0.0
3,15,Z,X,-0.045
3,15,Z,Y,0.018
3,15,Z,Z,1.071
3,16,X,X,0.027
3,16,X,Y,0.045
3,16,X,Z,-0.054
3,16,Y,X,0.027
3,16,Y,Y,0.189
3,16,Y,Z,-0.054
3,16,Z,X,0.216
3,16,Z,Y,-0.018
3,16,Z,Z,0.972
3,17,X,X,0.036
3,17,X,Y,-0.027
3,17,X,Z,0.063
3,17,Y,X,0.081
3,17,Y,Y,0.081
3,17,Y,Z,-0.054
3,17,Z,X,0.054
3,17,Z,Y,0.009
3,17,Z,Z,0.999
3,18,X,X,-0.144
3,18,X,Y,0.0
3,18,X,Z,-0.054
3,18,Y,X,-0.063
3,18,Y,Y,0.081
3,18,Y,Z,0.0
3,18,Z,X,-0.027
3,18,Z,Y,0.018
3,18,Z,Z,1.125
3,19,X,X,-0.063
3,19,X,Y,-0.018
3,19,X,Z,-0.189
3,19,Y,X,-0.081
3,19,Y,Y,0.036
3,19,Y,Z,0.063
3,19,Z,X,-0.009
3,19,Z,Y,0.027
3,19,Z,Z,0.882
3,20,X,X,-0.054
3,20,X,Y,0.0
3,20,X,Z,-0.09
3,20,Y,X,0.108
3,20,Y,Y,-0.036
3,20,Y,Z,0.054
3,20,Z,X,0.0
3,20,Z,Y,-0.063
3,20,Z,Z,0.891
3,21,X,X,-0.09
3,21,X,Y,-0.045
3,21,X,Z,-0.063
3,21,Y,X,0.054
3,21,Y,Y,-0.099
3,21,Y,Z,0.027
3,21,Z,X,-0.099
3,21,Z,Y,0.18
3,21,Z,Z,1.053
3,22,X,X,0.288
3,22,X,Y,0.198
3,22,X,Z,-0.054
3,22,Y,X,0.018
3,22,Y,Y,-0.045
3,22,Y,Z,0.099
3,22,Z,X,0.018
3,22,Z,Y,-0.099
3,22,Z,Z,1.071
3,23,X,X,-0.108
3,23,X,Y,-0.099
3,23,X,Z,-0.009
3,23,Y,X,-0.009
3,23,Y,Y,-0.072
3,23,Y,Z,0.081
3,23,Z,X,-0.135
3,23,Z,Y,-0.126
3,23,Z,Z,0.873
3,24,X,X,0.045
3,24,X,Y,-0.054
3,24,X,Z,-0.063
3,24,Y,X,0.135
3,24,Y,Y,0.063
3,24,Y,Z,0.054
3,24,Z,X,0.072
3,24,Z,Y,-0.027
3,24,Z,Z,1.017
3,25,X,X,0.018
3,25,X,Y,0.045
3,25,X,Z,-0.045
3,25,Y,X,0.108
3,25,Y,Y,-0.018
3,25,Y,Z,-0.072
3,25,Z,X,-0.045
3,25,Z,Y,-0.027
3,25,Z,Z,0.972
3,26,X,X,-0.108
3,26,X,Y,-0.027
3,26,X,Z,0.171
3,26,Y,X,-0.027
3,26,Y,Y,-0.243
3,26,Y,Z,0.036
3,26,Z,X,-0.09
3,26,Z,Y,-0.099
3,26,Z,Z,0.945
3,27,X,X,-0.009
3,27,X,Y,-0.063
3,27,X,Z,-0.108
3,27,Y,X,-0.09
3,27,Y,Y,-0.234
3,27,Y,Z,0.09
3,27,Z,X,0.054
3,27,Z,Y,0.072
3,27,Z,Z,1.116
3,28,X,X,0.063
3,28,X,Y,0.054
3,28,X,Z,0.009
3,28,Y,X,0.162
3,28,Y,Y,-0.243
3,28,Y,Z,-0.009
3,28,Z,X,-0.108
3,28,Z,Y,0.144
3,28,Z,Z,1.134
3,29,X,X,-0.027
3,29,X,Y,-0.036
3,29,X,Z,0.117
3,29,Y,X,0.054
3,29,Y,Y,0.0
3,29,Y,Z,-0.018
3,29,Z,X,0.099
3,29,Z,Y,0.036
3,29,Z,Z,1.071
4,5,X,X,-0.045
4,5,X,Y,-0.063
4,5,X,Z,0.063
4,5,Y,X,0.144
4,5,Y,Y,0.009
4,5,Y,Z,-0.009
4,5,Z,X,-0.234
4,5,Z,Y,0.252
4,5,Z,Z,0.963
4,6,X,X,-0.153
4,6,X,Y,0.018
4,6,X,Z,-0.054
4,6,Y,X,-0.117
4,6,Y,Y,-0.018
4,6,Y,Z,-0.099
4,6,Z,X,0.072
4,6,Z,Y,0.0
4,6,Z,Z,0.909
4,7,X,X,0.099
4,7,X,Y,0.027
4,7,X,Z,-0.027
4,7,Y,X,0.072
4,7,Y,Y,-0.081
4,7,Y,Z,-0.135
4,7,Z,X,0.009
4,7,Z,Y,-0.063
4,7,Z,Z,1.071
4,8,X,X,0.09
4,8,X,Y,0.036
4,8,X,Z,0.027
4,8,Y,X,0.036
4,8,Y,Y,-0.009
4,8,Y,Z,0.045
4,8,Z,X,0.0
4,8,Z,Y,0.045
4,8,Z,Z,0.918
4,9,X,X,0.072
4,9,X,Y,-0.126
4,9,X,Z,-0.063
4,9,Y,X,-0.054
4,9,Y,Y,-0.054
4,9,Y,Z,0.018
4,9,Z,X,0.009
4,9,Z,Y,-0.072
4,9,Z,Z,0.9
4,10,X,X,-0.009
4,10,X,Y,-0.063
4,10,X,Z,0.009
4,10,Y,X,0.009
4,10,Y,Y,0.063
4,10,Y,Z,-0.072
4,10,Z,X,0.054
4,10,Z,Y,0.081
4,10,Z,Z,0.954
4,11,X,X,0.099
4,11,X,Y,-0.045
4,11,X,Z,-0.063
4,11,Y,X,-0.072
4,11,Y,Y,-0.054
4,11,Y,Z,0.0
4,11,Z,X,0.072
4,11,Z,Y,-0.072
4,11,Z,Z,0.945
4,12,X,X,-0.108
4,12,X,Y,0.009
4,12,X,Z,0.0
4,12,Y,X,-0.036
4,12,Y,Y,0.099
4,12,Y,Z,0.045
4,12,Z,X,-0.189
4,12,Z,Y,0.0
4,12,Z,Z,1.044
4,13,X,X,0.054
4,13,X,Y,-0.036
4,13,X,Z,-0.063
4,13,Y,X,-0.009
4,13,Y,Y,-0.081
4,13,Y,Z,0.054
4,13,Z,X,0.126
4,13,Z,Y,0.027
4,13,Z,Z,0.936
4,14,X,X,0.036
4,14,X,Y,0.027
4,14,X,Z,0.054
4,14,Y,X,0.009
4,14,Y,Y,0.108
4,14,Y,Z,0.171
4,14,Z,X,-0.027
4,14,Z,Y,-0.081
4,14,Z,Z,1.161
4,15,X,X,-0.009
4,15,X,Y,-0.072
4,15,X,Z,-0.036
4,15,Y,X,-0.027
4,15,Y,Y,0.063
4,15,Y,Z,0.108
4,15,Z,X,-0.027
4,15,Z,Y,-0.063
4,15,Z,Z,0.927
4,16,X,X,-0.045
4,16,X,Y,0.018
4,16,X,Z,-0.054
4,16,Y,X,-0.072
4,16,Y,Y,0.153
4,16,Y,Z,-0.045
4,16,Z,X,0.153
4,16,Z,Y,0.027
4,16,Z,Z,1.089
4,17,X,X,-0.072
4,17,X,Y,0.126
4,17,X,Z,-0.009
4,17,Y,X,0.018
4,17,Y,Y,-0.072
4,17,Y,Z,-0.09
4,17,Z,X,0.009
4,17,Z,Y,-0.081
4,17,Z,Z,0.963
4,18,X,X,-0.117
4,18,X,Y,-0.018
4,18,X,Z,-0.054
4,18,Y,X,-0.027
4,18,Y,Y,-0.09
4,18,Y,Z,-0.081
4,18,Z,X,-0.144
4,18,Z,Y,0.009
4,18,Z,Z,0.972
4,19,X,X,-0.018
4,19,X,Y,-0.036
4,19,X,Z,-0.081
4,19,Y,X,0.054
4,19,Y,Y,0.099
4,19,Y,Z,-0.063
4,19,Z,X,0.171
4,19,Z,Y,0.036
4,19,Z,Z,1.008
4,20,X,X,0.108
4,20,X,Y,-0.036
4,20,X,Z,0.009
4,20,Y,X,-0.045
4,20,Y,Y,-0.045
4,20,Y,Z,0.09
4,20,Z,X,-0.099
4,20,Z,Y,0.054
4,20,Z,Z,1.044
4,21,X,X,-0.135
4,21,X,Y,-0.036
4,21,X,Z,-0.036
4,21,Y,X,-0.027
4,21,Y,Y,-0.009
4,21,Y,Z,-0.108
4,21,Z,X,-0.171
4,21,Z,Y,0.099
4,21,Z,Z,0.999
4,22,X,X,-0.189
4,22,X,Y,-0.144
4,22,X,Z,-0.018
4,22,Y,X,0.117
4,22,Y,Y,0.054
4,22,Y,Z,-0.153
4,22,Z,X,-0.09
4,22,Z,Y,0.18
4,22,Z,Z,1.179
4,23,X,X,0.027
4,23,X,Y,-0.117
4,23,X,Z,0.081
4,23,Y,X,0.09
4,23,Y,Y,0.054
4,23,Y,Z,-0.036
4,23,Z,X,-0.189
4,23,Z,Y,-0.018
4,23,Z,Z,0.882
4,24,X,X,0.18
4,24,X,Y,0.117
4,24,X,Z,0.09
4,24,Y,X,0.054
4,24,Y,Y,-0.216
4,24,Y,Z,-0.09
4,24,Z,X,0.018
4,24,Z,Y,-0.099
4,24,Z,Z,0.882
4,25,X,X,0.09
4,25,X,Y,0.144
4,25,X,Z,-0.063
4,25,Y,X,0.045
4,25,Y,Y,-0.036
4,25,Y,Z,0.081
4,25,Z,X,-0.054
4,25,Z,Y,-0.054
4,25,Z,Z,0.981
4,26,X,X,0.027
4,26,X,Y,-0.135
4,26,X,Z,-0.027
4,26,Y,X,-0.099
4,26,Y,Y,-0.126
4,26,Y,Z,-0.099
4,26,Z,X,-0.027
4,26,Z,Y,0.054
4,26,Z,Z,1.044
4,27,X,X,-0.108
4,27,X,Y,-0.099
4,27,X,Z,0.018
4,27,Y,X,-0.027
4,27,Y,Y,-0.162
4,27,Y,Z,-0.009
4,27,Z,X,0.054
4,27,Z,Y,-0.072
4,27,Z,Z,1.035
4,28,X,X,0.117
4,28,X,Y,-0.171
4,28,X,Z,-0.117
4,28,Y,X,0.081
4,28,Y,Y,-0.063
4,28,Y,Z,-0.108
4,28,Z,X,-0.099
4,28,Z,Y,-0.099
4,28,Z,Z,0.999
4,29,X,X,-0.126
4,29,X,Y,-0.162
4,29,X,Z,0.099
4,29,Y,X,0.072
4,29,Y,Y,-0.099
4,29,Y,Z,0.099
4,29,Z,X,0.09
4,29,Z,Y,0.099
4,29,Z,Z,0.99
5,6,X,X,0.009
5,6,X,Y,0.0
5,6,X,Z,-0.09
5,6,Y,X,-0.036
5,6,Y,Y,0.072
5,6,Y,Z,-0.018
5,6,Z,X,0.045
5,6,Z,Y,0.0
5,6,Z,Z,0.972
5,7,X,X,0.117
5,7,X,Y,0.054
5,7,X,Z,-0.108
5,7,Y,X,0.126
5,7,Y,Y,-0.18
5,7,Y,Z,0.072
5,7,Z,X,0.027
5,7,Z,Y,-0.171
5,7,Z,Z,0.927
5,8,X,X,0.054
5,8,X,Y,0.018
5,8,X,Z,-0.099
5,8,Y,X,0.045
5,8,Y,Y,0.054
5,8,Y,Z,0.009
5,8,Z,X,-0.117
5,8,Z,Y,0.0
5,8,Z,Z,0.9
5,9,X,X,-0.036
5,9,X,Y,0.036
5,9,X,Z,-0.171
5,9,Y,X,0.009
5,9,Y,Y,-0.234
5,9,Y,Z,0.027
5,9,Z,X,-0.09
5,9,Z,Y,0.036
5,9,Z,Z,0.909
5,10,X,X,0.072
5,10,X,Y,-0.072
5,10,X,Z,-0.117
5,10,Y,X,-0.018
5,10,Y,Y,0.036
5,10,Y,Z,0.126
5,10,Z,X,0.036
5,10,Z,Y,-0.207
5,10,Z,Z,0.954
5,11,X,X,0.027
5,11,X,Y,-0.045
5,11,X,Z,-0.027
5,11,Y,X,-0.117
5,11,Y,Y,-0.009
5,11,Y,Z,0.018
5,11,Z,X,0.081
5,11,Z,Y,-0.261
5,11,Z,Z,0.999
5,12,X,X,0.126
5,12,X,Y,-0.036
5,12,X,Z,-0.045
5,12,Y,X,-0.054
5,12,Y,Y,-0.108
5,12,Y,Z,0.054
5,12,Z,X,0.153
5,12,Z,Y,0.072
5,12,Z,Z,1.098
5,13,X,X,-0.108
5,13,X,Y,0.153
5,13,X,Z,-0.072
5,13,Y,X,0.117
5,13,Y,Y,-0.117
5,13,Y,Z,0.144
5,13,Z,X,0.018
5,13,Z,Y,-0.126
5,13,Z,Z,0.819
5,14,X,X,-0.072
5,14,X,Y,0.108
5,14,X,Z,-0.189
5,14,Y,X,-0.036
5,14,Y,Y,-0.045
5,14,Y,Z,0.153
5,14,Z,X,0.144
5,14,Z,Y,0.081
5,14,Z,Z,1.026
5,15,X,X,0.189
5,15,X,Y,-0.108
5,15,X,Z,-0.018
5,15,Y,X,0.0
5,15,Y,Y,0.126
5,15,Y,Z,0.018
5,15,Z,X,-0.126
5,15,Z,Y,0.018
5,15,Z,Z,0.981
5,16,X,X,0.081
5,16,X,Y,0.135
5,16,X,Z,-0.189
5,16,Y,X,-0.108
5,16,Y,Y,-0.063
5,16,Y,Z,-0.027
5,16,Z,X,0.189
5,16,Z,Y,-0.054
5,16,Z,Z,0.972
5,17,X,X,0.045
5,17,X,Y,-0.009
5,17,X,Z,-0.081
5,17,Y,X,0.081
5,17,Y,Y,0.009
5,17,Y,Z,-0.144
5,17,Z,X,0.027
5,17,Z,Y,0.081
5,17,Z,Z,0.891
5,18,X,X,-0.027
5,18,X,Y,-0.054
5,18,X,Z,-0.144
5,18,Y,X,0.0
5,18,Y,Y,0.054
5,18,Y,Z,-0.018
5,18,Z,X,-0.135
5,18,Z,Y,-0.081
5,18,Z,Z,0.927
5,19,X,X,-0.036
5,19,X,Y,0.063
5,19,X,Z,-0.108
5,19,Y,X,0.045
5,19,Y,Y,0.063
5,19,Y,Z,0.108
5,19,Z,X,0.036
5,19,Z,Y,0.027
5,19,Z,Z,1.044
5,20,X,X,0.198
5,20,X,Y,-0.126
5,20,X,Z,-0.063
5,20,Y,X,-0.099
5,20,Y,Y,0.036
5,20,Y,Z,0.045
5,20,Z,X,0.009
5,20,Z,Y,0.045
5,20,Z,Z,0.927
5,21,X,X,-0.063
5,21,X,Y,0.072
5,21,X,Z,-0.126
5,21,Y,X,0.117
5,21,Y,Y,-0.054
5,21,Y,Z,0.171
5,21,Z,X,-0.135
5,21,Z,Y,0.18
5,21,Z,Z,1.062
5,22,X,X,0.099
5,22,X,Y,-0.036
5,22,X,Z,-0.162
5,22,Y,X,-0.189
5,22,Y,Y,0.018
5,22,Y,Z,-0.027
5,22,Z,X,-0.252
5,22,Z,Y,-0.054
5,22,Z,Z,1.035
5,23,X,X,-0.081
5,23,X,Y,0.009
5,23,X,Z,-0.153
5,23,Y,X,-0.099
5,23,Y,Y,0.063
5,23,Y,Z,0.072
5,23,Z,X,0.072
5,23,Z,Y,0.099
5,23,Z,Z,1.008
5,24,X,X,0.261
5,24,X,Y,0.081
5,24,X,Z,-0.063
5,24,Y,X,0.045
5,24,Y,Y,0.126
5,24,Y,Z,0.099
5,24,Z,X,-0.018
5,24,Z,Y,-0.009
5,24,Z,Z,0.882
5,25,X,X,0.126
5,25,X,Y,-0.072
5,25,X,Z,-0.045
5,25,Y,X,-0.027
5,25,Y,Y,0.126
5,25,Y,Z,0.117
5,25,Z,X,-0.072
5,25,Z,Y,0.126
5,25,Z,Z,0.999
5,26,X,X,0.018
5,26,X,Y,0.027
5,26,X,Z,0.054
5,26,Y,X,-0.108
5,26,Y,Y,0.054
5,26,Y,Z,-0.018
5,26,Z,X,-0.009
5,26,Z,Y,-0.072
5,26,Z,Z,1.098
5,27,X,X,-0.063
5,27,X,Y,-0.018
5,27,X,Z,-0.108
5,27,Y,X,-0.252
5,27,Y,Y,0.027
5,27,Y,Z,0.081
5,27,Z,X,0.072
5,27,Z,Y,0.072
5,27,Z,Z,0.999
5,28,X,X,-0.018
5,28,X,Y,0.09
5,28,X,Z,-0.117
5,28,Y,X,0.09
5,28,Y,Y,0.036
5,28,Y,Z,0.0
5,28,Z,X,-0.081
5,28,Z,Y,0.135
5,28,Z,Z,1.053
5,29,X,X,0.009
5,29,X,Y,0.108
5,29,X,Z,-0.108
5,29,Y,X,0.009
5,29,Y,Y,-0.081
5,29,Y,Z,0.126
5,29,Z,X,0.126
5,29,Z,Y,0.171
5,29,Z,Z,0.954
6,7,X,X,0.027
6,7,X,Y,-0.126
6,7,X,Z,0.027
6,7,Y,X,-0.018
6,7,Y,Y,-0.054
6,7,Y,Z,0.018
6,7,Z,X,-0.063
6,7,Z,Y,0.063
6,7,Z,Z,1.008
6,8,X,X,-0.18
6,8,X,Y,0.018
6,8,X,Z,-0.18
6,8,Y,X,-0.054
6,8,Y,Y,-0.009
6,8,Y,Z,-0.009
6,8,Z,X,-0.036
6,8,Z,Y,0.063
6,8,Z,Z,0.909
6,9,X,X,-0.027
6,9,X,Y,-0.108
6,9,X,Z,0.027
6,9,Y,X,0.072
6,9,Y,Y,-0.09
6,9,Y,Z,0.108
6,9,Z,X,0.09
6,9,Z,Y,-0.018
6,9,Z,Z,0.918
6,10,X,X,-0.081
6,10,X,Y,-0.009
6,10,X,Z,0.108
6,10,Y,X,0.027
6,10,Y,Y,-0.189
6,10,Y,Z,0.018
6,10,Z,X,0.0
6,10,Z,Y,-0.153
6,10,Z,Z,0.819
6,11,X,X,-0.135
6,11,X,Y,0.099
6,11,X,Z,-0.054
6,11,Y,X,0.144
6,11,Y,Y,0.117
6,11,Y,Z,-0.135
6,11,Z,X,0.036
6,11,Z,Y,-0.171
6,11,Z,Z,1.035
6,12,X,X,0.063
6,12,X,Y,0.18
6,12,X,Z,-0.081
6,12,Y,X,-0.036
6,12,Y,Y,0.081
6,12,Y,Z,-0.009
6,12,Z,X,0.0
6,12,Z,Y,0.063
6,12,Z,Z,1.197
6,13,X,X,-0.018
6,13,X,Y,0.171
6,13,X,Z,0.063
6,13,Y,X,0.099
6,13,Y,Y,-0.072
6,13,Y,Z,-0.063
6,13,Z,X,0.072
6,13,Z,Y,0.045
6,13,Z,Z,1.125
6,14,X,X,-0.135
6,14,X,Y,0.018
6,14,X,Z,0.099
6,14,Y,X,-0.027
6,14,Y,Y,0.045
6,14,Y,Z,0.072
6,14,Z,X,0.09
6,14,Z,Y,0.009
6,14,Z,Z,1.053
6,15,X,X,-0.072
6,15,X,Y,-0.099
6,15,X,Z,-0.009
6,15,Y,X,0.063
6,15,Y,Y,-0.153
6,15,Y,Z,-0.018
6,15,Z,X,-0.054
6,15,Z,Y,-0.09
6,15,Z,Z,1.098
6,16,X,X,-0.009
6,16,X,Y,-0.18
6,16,X,Z,-0.045
6,16,Y,X,-0.063
6,16,Y,Y,0.036
6,16,Y,Z,0.081
6,16,Z,X,0.234
6,16,Z,Y,-0.018
6,16,Z,Z,0.99
6,17,X,X,-0.108
6,17,X,Y,-0.09
6,17,X,Z,-0.108
6,17,Y,X,0.09
6,17,Y,Y,0.216
6,17,Y,Z,-0.036
6,17,Z,X,0.009
6,17,Z,Y,-0.009
6,17,Z,Z,1.098
6,18,X,X,-0.189
6,18,X,Y,0.0
6,18,X,Z,0.117
6,18,Y,X,-0.144
6,18,Y,Y,-0.063
6,18,Y,Z,0.153
6,18,Z,X,-0.027
6,18,Z,Y,0.09
6,18,Z,Z,1.035
6,19,X,X,-0.126
6,19,X,Y,0.153
6,19,X,Z,-0.009
6,19,Y,X,0.09
6,19,Y,Y,0.018
6,19,Y,Z,0.072
6,19,Z,X,-0.009
6,19,Z,Y,-0.054
6,19,Z,Z,0.945
6,20,X,X,0.027
6,20,X,Y,-0.072
6,20,X,Z,0.045
6,20,Y,X,0.027
6,20,Y,Y,-0.063
6,20,Y,Z,0.09
6,20,Z,X,0.0
6,20,Z,Y,0.18
6,20,Z,Z,1.008
6,21,X,X,0.045
6,21,X,Y,-0.072
6,21,X,Z,-0.045
6,21,Y,X,-0.009
6,21,Y,Y,-0.054
6,21,Y,Z,0.045
6,21,Z,X,0.027
6,21,Z,Y,0.144
6,21,Z,Z,0.981
6,22,X,X,0.18
6,22,X,Y,0.126
6,22,X,Z,0.108
6,22,Y,X,0.0
6,22,Y,Y,0.018
6,22,Y,Z,-0.108
6,22,Z,X,-0.198
6,22,Z,Y,-0.09
6,22,Z,Z,1.062
6,23,X,X,-0.126
6,23,X,Y,-0.027
6,23,X,Z,-0.063
6,23,Y,X,0.072
6,23,Y,Y,0.09
6,23,Y,Z,0.072
6,23,Z,X,-0.036
6,23,Z,Y,0.0
6,23,Z,Z,0.954
6,24,X,X,-0.018
6,24,X,Y,-0.036
6,24,X,Z,-0.054
6,24,Y,X,0.144
6,24,Y,Y,0.162
6,24,Y,Z,0.0
6,24,Z,X,0.036
6,24,Z,Y,-0.108
6,24,Z,Z,1.044
6,25,X,X,-0.171
6,25,X,Y,0.036
6,25,X,Z,-0.153
6,25,Y,X,0.171
6,25,Y,Y,-0.108
6,25,Y,Z,-0.027
6,25,Z,X,0.099
6,25,Z,Y,-0.018
6,25,Z,Z,1.071
6,26,X,X,-0.144
6,26,X,Y,-0.036
6,26,X,Z,0.0
6,26,Y,X,0.117
6,26,Y,Y,-0.009
6,26,Y,Z,-0.09
6,26,Z,X,-0.072
6,26,Z,Y,0.036
6,26,Z,Z,0.936
6,27,X,X,0.018
6,27,X,Y,-0.027
6,27,X,Z,-0.063
6,27,Y,X,0.135
6,27,Y,Y,0.09
6,27,Y,Z,-0.027
6,27,Z,X,0.054
6,27,Z,Y,-0.036
6,27,Z,Z,0.972
6,28,X,X,0.045
6,28,X,Y,-0.027
6,28,X,Z,-0.054
6,28,Y,X,0.0
6,28,Y,Y,0.009
6,28,Y,Z,-0.009
6,28,Z,X,0.09
6,28,Z,Y,0.099
6,28,Z,Z,1.053
6,29,X,X,0.0
6,29,X,Y,-0.054
6,29,X,Z,0.036
6,29,Y,X,0.081
6,29,Y,Y,0.144
6,29,Y,Z,0.099
6,29,Z,X,0.027
6,29,Z,Y,-0.036
6,29,Z,Z,1.035
7,8,X,X,0.243
7,8,X,Y,-0.081
7,8,X,Z,-0.126
7,8,Y,X,-0.153
7,8,Y,Y,-0.09
7,8,Y,Z,-0.144
7,8,Z,X,-0.126
7,8,Z,Y,0.063
7,8,Z,Z,1.062
7,9,X,X,0.018
7,9,X,Y,-0.063
7,9,X,Z,-0.045
7,9,Y,X,-0.207
7,9,Y,Y,-0.126
7,9,Y,Z,0.162
7,9,Z,X,-0.054
7,9,Z,Y,-0.045
7,9,Z,Z,0.99
7,10,X,X,-0.162
7,10,X,Y,0.108
7,10,X,Z,-0.144
7,10,Y,X,-0.054
7,10,Y,Y,0.117
7,10,Y,Z,-0.072
7,10,Z,X,0.054
7,10,Z,Y,0.036
7,10,Z,Z,0.891
7,11,X,X,0.081
7,11,X,Y,-0.054
7,11,X,Z,0.009
7,11,Y,X,-0.036
7,11,Y,Y,-0.045
7,11,Y,Z,-0.072
7,11,Z,X,0.018
7,11,Z,Y,-0.126
7,11,Z,Z,0.999
7,12,X,X,0.009
7,12,X,Y,0.09
7,12,X,Z,0.045
7,12,Y,X,0.063
7,12,Y,Y,-0.018
7,12,Y,Z,-0.144
7,12,Z,X,0.153
7,12,Z,Y,-0.126
7,12,Z,Z,1.08
7,13,X,X,-0.09
7,13,X,Y,0.0
7,13,X,Z,-0.09
7,13,Y,X,-0.054
7,13,Y,Y,-0.009
7,13,Y,Z,0.054
7,13,Z,X,-0.027
7,13,Z,Y,-0.027
7,13,Z,Z,1.071
7,14,X,X,0.045
7,14,X,Y,-0.099
7,14,X,Z,-0.072
7,14,Y,X,0.135
7,14,Y,Y,-0.045
7,14,Y,Z,-0.117
7,14,Z,X,0.036
7,14,Z,Y,-0.126
7,14,Z,Z,1.017
7,15,X,X,0.0
7,15,X,Y,0.045
7,15,X,Z,-0.099
7,15,Y,X,0.081
7,15,Y,Y,0.072
7,15,Y,Z,-0.054
7,15,Z,X,0.018
7,15,Z,Y,-0.045
7,15,Z,Z,1.098
7,16,X,X,0.153
7,16,X,Y,-0.027
7,16,X,Z,-0.072
7,16,Y,X,-0.036
7,16,Y,Y,0.027
7,16,Y,Z,-0.018
7,16,Z,X,0.045
7,16,Z,Y,0.126
7,16,Z,Z,0.81
7,17,X,X,-0.045
7,17,X,Y,0.045
7,17,X,Z,0.018
7,17,Y,X,-0.072
7,17,Y,Y,-0.135
7,17,Y,Z,0.036
7,17,Z,X,-0.036
7,17,Z,Y,0.099
7,17,Z,Z,1.062
7,18,X,X,-0.099
7,18,X,Y,-0.009
7,18,X,Z,0.09
7,18,Y,X,-0.009
7,18,Y,Y,-0.045
7,18,Y,Z,-0.009
7,18,Z,X,-0.108
7,18,Z,Y,-0.027
7,18,Z,Z,0.99
7,19,X,X,0.189
7,19,X,Y,-0.054
7,19,X,Z,-0.063
7,19,Y,X,0.0
7,19,Y,Y,0.108
7,19,Y,Z,-0.027
7,19,Z,X,0.144
7,19,Z,Y,-0.045
7,19,Z,Z,0.918
7,20,X,X,0.072
7,20,X,Y,-0.099
7,20,X,Z,-0.153
7,20,Y,X,0.117
7,20,Y,Y,0.09
7,20,Y,Z,-0.018
7,20,Z,X,-0.135
7,20,Z,Y,0.162
7,20,Z,Z,0.9
7,21,X,X,-0.036
7,21,X,Y,-0.045
7,21,X,Z,-0.117
7,21,Y,X,0.09
7,21,Y,Y,-0.108
7,21,Y,Z,-0.081
7,21,Z,X,-0.099
7,21,Z,Y,0.135
7,21,Z,Z,0.981
7,22,X,X,0.081
7,22,X,Y,0.036
7,22,X,Z,-0.225
7,22,Y,X,-0.054
7,22,Y,Y,-0.063
7,22,Y,Z,-0.126
7,22,Z,X,-0.117
7,22,Z,Y,0.063
7,22,Z,Z,1.053
7,23,X,X,-0.081
7,23,X,Y,-0.198
7,23,X,Z,-0.009
7,23,Y,X,0.0
7,23,Y,Y,-0.027
7,23,Y,Z,-0.072
7,23,Z,X,-0.009
7,23,Z,Y,-0.126
7,23,Z,Z,1.008
7,24,X,X,-0.126
7,24,X,Y,0.063
7,24,X,Z,-0.027
7,24,Y,X,-0.045
7,24,Y,Y,0.072
7,24,Y,Z,0.036
7,24,Z,X,-0.027
7,24,Z,Y,-0.081
7,24,Z,Z,0.999
7,25,X,X,0.126
7,25,X,Y,-0.009
7,25,X,Z,0.009
7,25,Y,X,-0.09
7,25,Y,Y,0.144
7,25,Y,Z,-0.009
7,25,Z,X,-0.027
7,25,Z,Y,0.171
7,25,Z,Z,1.071
7,26,X,X,0.162
7,26,X,Y,0.045
7,26,X,Z,-0.081
7,26,Y,X,-0.027
7,26,Y,Y,0.027
7,26,Y,Z,0.045
7,26,Z,X,0.0
7,26,Z,Y,0.027
7,26,Z,Z,1.062
7,27,X,X,-0.045
7,27,X,Y,-0.009
7,27,X,Z,0.0
7,27,Y,X,0.0
7,27,Y,Y,0.045
7,27,Y,Z,0.072
7,27,Z,X,-0.018
7,27,Z,Y,-0.063
7,27,Z,Z,0.9
7,28,X,X,-0.072
7,28,X,Y,-0.027
7,28,X,Z,-0.081
7,28,Y,X,0.117
7,28,Y,Y,0.036
7,28,Y,Z,-0.072
7,28,Z,X,0.126
7,28,Z,Y,0.036
7,28,Z,Z,0.981
7,29,X,X,0.036
7,29,X,Y,0.045
7,29,X,Z,0.063
7,29,Y,X,-0.126
7,29,Y,Y,-0.027
7,29,Y,Z,-0.072
7,29,Z,X,0.108
7,29,Z,Y,0.036
7,29,Z,Z,1.107
8,9,X,X,-0.081
8,9,X,Y,0.108
8,9,X,Z,0.045
8,9,Y,X,0.081
8,9,Y,Y,-0.126
8,9,Y,Z,-0.135
8,9,Z,X,-0.135
8,9,Z,Y,-0.072
8,9,Z,Z,0.873
8,10,X,X,-0.027
8,10,X,Y,0.045
8,10,X,Z,-0.036
8,10,Y,X,0.162
8,10,Y,Y,0.126
8,10,Y,Z,0.09
8,10,Z,X,0.009
8,10,Z,Y,0.0
8,10,Z,Z,0.909
8,11,X,X,0.144
8,11,X,Y,-0.045
8,11,X,Z,-0.063
8,11,Y,X,0.09
8,11,Y,Y,0.018
8,11,Y,Z,0.018
8,11,Z,X,-0.117
8,11,Z,Y,-0.198
8,11,Z,Z,0.927
8,12,X,X,-0.099
8,12,X,Y,-0.099
8,12,X,Z,-0.09
8,12,Y,X,-0.027
8,12,Y,Y,-0.09
8,12,Y,Z,-0.081
8,12,Z,X,-0.063
8,12,Z,Y,0.117
8,12,Z,Z,1.08
8,13,X,X,-0.171
8,13,X,Y,0.045
8,13,X,Z,-0.126
8,13,Y,X,0.009
8,13,Y,Y,0.09
8,13,Y,Z,-0.009
8,13,Z,X,-0.135
8,13,Z,Y,-0.009
8,13,Z,Z,0.918
8,14,X,X,-0.036
8,14,X,Y,0.063
8,14,X,Z,0.081
8,14,Y,X,-0.027
8,14,Y,Y,-0.108
8,14,Y,Z,0.081
8,14,Z,X,-0.099
8,14,Z,Y,-0.099
8,14,Z,Z,0.918
8,15,X,X,-0.009
8,15,X,Y,0.09
8,15,X,Z,0.027
8,15,Y,X,0.09
8,15,Y,Y,-0.135
8,15,Y,Z,0.135
8,15,Z,X,0.054
8,15,Z,Y,0.009
8,15,Z,Z,0.927
8,16,X,X,0.027
8,16,X,Y,-0.153
8,16,X,Z,-0.018
8,16,Y,X,0.027
8,16,Y,Y,0.0
8,16,Y,Z,0.171
8,16,Z,X,0.054
8,16,Z,Y,-0.027
8,16,Z,Z,0.963
8,17,X,X,0.099
8,17,X,Y,0.117
8,17,X,Z,-0.18
8,17,Y,X,0.045
8,17,Y,Y,-0.063
8,17,Y,Z,0.036
8,17,Z,X,-0.045
8,17,Z,Y,0.009
8,17,Z,Z,1.026
8,18,X,X,0.189
8,18,X,Y,-0.045
8,18,X,Z,-0.09
8,18,Y,X,-0.027
8,18,Y,Y,0.117
8,18,Y,Z,0.09
8,18,Z,X,-0.09
8,18,Z,Y,-0.117
8,18,Z,Z,0.927
8,19,X,X,0.0
8,19,X,Y,0.108
8,19,X,Z,-0.072
8,19,Y,X,0.036
8,19,Y,Y,-0.081
8,19,Y,Z,0.027
8,19,Z,X,-0.117
8,19,Z,Y,-0.036
8,19,Z,Z,0.909
8,20,X,X,-0.117
8,20,X,Y,0.144
8,20,X,Z,-0.153
8,20,Y,X,-0.189
8,20,Y,Y,-0.072
8,20,Y,Z,-0.045
8,20,Z,X,-0.09
8,20,Z,Y,0.207
8,20,Z,Z,0.999
8,21,X,X,-0.09
8,21,X,Y,-0.108
8,21,X,Z,0.018
8,21,Y,X,0.225
8,21,Y,Y,0.09
8,21,Y,Z,0.081
8,21,Z,X,-0.144
8,21,Z,Y,0.162
8,21,Z,Z,0.954
8,22,X,X,-0.126
8,22,X,Y,-0.108
8,22,X,Z,0.0
8,22,Y,X,-0.072
8,22,Y,Y,0.018
8,22,Y,Z,0.036
8,22,Z,X,-0.144
8,22,Z,Y,0.072
8,22,Z,Z,0.9
8,23,X,X,-0.054
8,23,X,Y,-0.009
8,23,X,Z,-0.135
8,23,Y,X,0.018
8,23,Y,Y,0.135
8,23,Y,Z,0.135
8,23,Z,X,-0.036
8,23,Z,Y,-0.135
8,23,Z,Z,0.855
8,24,X,X,0.054
8,24,X,Y,0.189
8,24,X,Z,-0.135
8,24,Y,X,0.117
8,24,Y,Y,0.081
8,24,Y,Z,0.054
8,24,Z,X,0.027
8,24,Z,Y,0.072
8,24,Z,Z,0.873
8,25,X,X,0.081
8,25,X,Y,0.009
8,25,X,Z,-0.144
8,25,Y,X,0.045
8,25,Y,Y,0.063
8,25,Y,Z,0.144
8,25,Z,X,0.063
8,25,Z,Y,-0.036
8,25,Z,Z,0.981
8,26,X,X,-0.117
8,26,X,Y,0.081
8,26,X,Z,-0.054
8,26,Y,X,-0.144
8,26,Y,Y,-0.081
8,26,Y,Z,0.063
8,26,Z,X,0.054
8,26,Z,Y,-0.045
8,26,Z,Z,0.819
8,27,X,X,-0.135
8,27,X,Y,0.126
8,27,X,Z,-0.045
8,27,Y,X,-0.045
8,27,Y,Y,0.027
8,27,Y,Z,-0.018
8,27,Z,X,0.081
8,27,Z,Y,0.072
8,27,Z,Z,0.999
8,28,X,X,0.045
8,28,X,Y,-0.099
8,28,X,Z,-0.018
8,28,Y,X,-0.054
8,28,Y,Y,-0.018
8,28,Y,Z,0.036
8,28,Z,X,0.036
8,28,Z,Y,-0.018
8,28,Z,Z,1.098
8,29,X,X,0.117
8,29,X,Y,-0.108
8,29,X,Z,-0.153
8,29,Y,X,0.027
8,29,Y,Y,0.099
8,29,Y,Z,0.072
8,29,Z,X,0.108
8,29,Z,Y,-0.009
8,29,Z,Z,0.873
9,10,X,X,0.009
9,10,X,Y,0.207
9,10,X,Z,-0.081
9,10,Y,X,0.117
9,10,Y,Y,0.045
9,10,Y,Z,-0.036
9,10,Z,X,-0.018
9,10,Z,Y,0.081
9,10,Z,Z,0.936
9,11,X,X,0.099
9,11,X,Y,0.009
9,11,X,Z,0.081
9,11,Y,X,-0.099
9,11,Y,Y,0.063
9,11,Y,Z,-0.054
9,11,Z,X,0.027
9,11,Z,Y,0.009
9,11,Z,Z,0.873
9,12,X,X,-0.099
9,12,X,Y,0.0
9,12,X,Z,-0.108
9,12,Y,X,0.045
9,12,Y,Y,0.027
9,12,Y,Z,0.036
9,12,Z,X,-0.027
9,12,Z,Y,0.081
9,12,Z,Z,0.963
9,13,X,X,-0.018
9,13,X,Y,0.153
9,13,X,Z,0.108
9,13,Y,X,0.0
9,13,Y,Y,0.18
9,13,Y,Z,-0.09
9,13,Z,X,0.099
9,13,Z,Y,-0.027
9,13,Z,Z,0.945
9,14,X,X,0.045
9,14,X,Y,0.063
9,14,X,Z,0.009
9,14,Y,X,-0.027
9,14,Y,Y,0.027
9,14,Y,Z,-0.072
9,14,Z,X,-0.036
9,14,Z,Y,-0.108
9,14,Z,Z,1.035
9,15,X,X,0.135
9,15,X,Y,-0.171
9,15,X,Z,-0.099
9,15,Y,X,0.135
9,15,Y,Y,0.045
9,15,Y,Z,0.09
9,15,Z,X,-0.009
9,15,Z,Y,-0.018
9,15,Z,Z,1.062
9,16,X,X,-0.081
9,16,X,Y,-0.054
9,16,X,Z,-0.072
9,16,Y,X,-0.045
9,16,Y,Y,0.045
9,16,Y,Z,-0.054
9,16,Z,X,0.054
9,16,Z,Y,-0.045
9,16,Z,Z,0.882
9,17,X,X,0.063
9,17,X,Y,0.009
9,17,X,Z,-0.027
9,17,Y,X,-0.072
9,17,Y,Y,-0.126
9,17,Y,Z,-0.072
9,17,Z,X,-0.036
9,17,Z,Y,-0.054
9,17,Z,Z,0.945
9,18,X,X,0.009
9,18,X,Y,-0.171
9,18,X,Z,0.063
9,18,Y,X,0.036
9,18,Y,Y,0.081
9,18,Y,Z,-0.099
9,18,Z,X,0.009
9,18,Z,Y,0.027
9,18,Z,Z,0.873
9,19,X,X,-0.081
9,19,X,Y,0.009
9,19,X,Z,-0.099
9,19,Y,X,0.018
9,19,Y,Y,0.063
9,19,Y,Z,0.081
9,19,Z,X,0.108
9,19,Z,Y,-0.045
9,19,Z,Z,1.062
9,20,X,X,0.027
9,20,X,Y,-0.045
9,20,X,Z,-0.081
9,20,Y,X,-0.108
9,20,Y,Y,-0.018
9,20,Y,Z,0.072
9,20,Z,X,-0.099
9,20,Z,Y,0.162
9,20,Z,Z,1.008
9,21,X,X,0.0
9,21,X,Y,0.09
9,21,X,Z,-0.063
9,21,Y,X,-0.171
9,21,Y,Y,0.018
9,21,Y,Z,0.063
9,21,Z,X,-0.018
9,21,Z,Y,0.036
9,21,Z,Z,0.927
9,22,X,X,0.018
9,22,X,Y,0.054
9,22,X,Z,-0.045
9,22,Y,X,-0.108
9,22,Y,Y,0.144
9,22,Y,Z,0.054
9,22,Z,X,-0.072
9,22,Z,Y,-0.036
9,22,Z,Z,1.017
9,23,X,X,0.234
9,23,X,Y,-0.036
9,23,X,Z,-0.081
9,23,Y,X,-0.027
9,23,Y,Y,-0.045
9,23,Y,Z,-0.09
9,23,Z,X,0.081
9,23,Z,Y,0.0
9,23,Z,Z,0.972
9,24,X,X,-0.153
9,24,X,Y,-0.027
9,24,X,Z,0.009
9,24,Y,X,-0.144
9,24,Y,Y,0.045
9,24,Y,Z,-0.009
9,24,Z,X,-0.045
9,24,Z,Y,-0.054
9,24,Z,Z,0.9
9,25,X,X,0.108
9,25,X,Y,0.018
9,25,X,Z,0.081
9,25,Y,X,-0.027
9,25,Y,Y,-0.171
9,25,Y,Z,-0.036
9,25,Z,X,0.072
9,25,Z,Y,0.027
9,25,Z,Z,1.044
9,26,X,X,-0.099
9,26,X,Y,0.117
9,26,X,Z,-0.081
9,26,Y,X,-0.081
9,26,Y,Y,-0.027
9,26,Y,Z,-0.09
9,26,Z,X,-0.099
9,26,Z,Y,-0.045
9,26,Z,Z,0.963
9,27,X,X,-0.117
9,27,X,Y,0.144
9,27,X,Z,-0.162
9,27,Y,X,-0.297
9,27,Y,Y,-0.09
9,27,Y,Z,-0.045
9,27,Z,X,0.099
9,27,Z,Y,0.027
9,27,Z,Z,1.125
9,28,X,X,0.135
9,28,X,Y,0.144
9,28,X,Z,-0.054
9,28,Y,X,-0.27
9,28,Y,Y,0.135
9,28,Y,Z,-0.099
9,28,Z,X,0.018
9,28,Z,Y,-0.036
9,28,Z,Z,1.053
9,29,X,X,0.18
9,29,X,Y,0.054
9,29,X,Z,0.027
9,29,Y,X,0.198
9,29,Y,Y,0.0
9,29,Y,Z,-0.126
9,29,Z,X,0.036
9,29,Z,Y,0.054
9,29,Z,Z,0.945
10,11,X,X,-0.036
10,11,X,Y,-0.036
10,11,X,Z,-0.162
10,11,Y,X,-0.036
10,11,Y,Y,0.153
10,11,Y,Z,0.09
10,11,Z,X,0.099
10,11,Z,Y,0.0
10,11,Z,Z,0.972
10,12,X,X,-0.126
10,12,X,Y,-0.009
10,12,X,Z,-0.081
10,12,Y,X,-0.09
10,12,Y,Y,-0.045
10,12,Y,Z,-0.036
10,12,Z,X,-0.099
10,12,Z,Y,0.0
10,12,Z,Z,1.044
10,13,X,X,0.054
10,13,X,Y,-0.09
10,13,X,Z,0.144
10,13,Y,X,0.045
10,13,Y,Y,0.081
10,13,Y,Z,0.009
10,13,Z,X,0.198
10,13,Z,Y,-0.009
10,13,Z,Z,0.918
10,14,X,X,0.027
10,14,X,Y,0.126
10,14,X,Z,0.009
10,14,Y,X,-0.207
10,14,Y,Y,0.045
10,14,Y,Z,0.045
10,14,Z,X,0.072
10,14,Z,Y,-0.063
10,14,Z,Z,1.026
10,15,X,X,-0.018
10,15,X,Y,0.099
10,15,X,Z,-0.045
10,15,Y,X,0.162
10,15,Y,Y,-0.063
10,15,Y,Z,-0.126
10,15,Z,X,-0.081
10,15,Z,Y,0.036
10,15,Z,Z,0.99
10,16,X,X,-0.09
10,16,X,Y,-0.09
10,16,X,Z,0.18
10,16,Y,X,-0.081
10,16,Y,Y,-0.117
10,16,Y,Z,0.027
10,16,Z,X,-0.117
10,16,Z,Y,-0.081
10,16,Z,Z,0.999
10,17,X,X,0.126
10,17,X,Y,-0.027
10,17,X,Z,0.009
10,17,Y,X,-0.045
10,17,Y,Y,-0.117
10,17,Y,Z,0.009
10,17,Z,X,-0.018
10,17,Z,Y,0.063
10,17,Z,Z,0.918
10,18,X,X,0.018
10,18,X,Y,0.0
10,18,X,Z,-0.018
10,18,Y,X,0.153
10,18,Y,Y,-0.045
10,18,Y,Z,-0.063
10,18,Z,X,-0.117
10,18,Z,Y,-0.054
10,18,Z,Z,0.954
10,19,X,X,0.207
10,19,X,Y,0.036
10,19,X,Z,0.081
10,19,Y,X,0.027
10,19,Y,Y,-0.144
10,19,Y,Z,-0.108
10,19,Z,X,0.117
10,19,Z,Y,-0.009
10,19,Z,Z,1.017
10,20,X,X,0.045
10,20,X,Y,-0.018
10,20,X,Z,0.081
10,20,Y,X,0.108
10,20,Y,Y,-0.036
10,20,Y,Z,0.099
10,20,Z,X,-0.099
10,20,Z,Y,0.081
10,20,Z,Z,0.873
10,21,X,X,0.027
10,21,X,Y,-0.18
10,21,X,Z,0.045
10,21,Y,X,0.036
10,21,Y,Y,-0.027
10,21,Y,Z,0.036
10,21,Z,X,-0.126
10,21,Z,Y,0.189
10,21,Z,Z,0.99
10,22,X,X,0.117
10,22,X,Y,0.054
10,22,X,Z,-0.099
10,22,Y,X,-0.054
10,22,Y,Y,0.018
10,22,Y,Z,-0.009
10,22,Z,X,0.153
10,22,Z,Y,0.054
10,22,Z,Z,0.936
10,23,X,X,-0.081
10,23,X,Y,-0.063
10,23,X,Z,0.09
10,23,Y,X,0.216
10,23,Y,Y,0.0
10,23,Y,Z,-0.081
10,23,Z,X,0.027
10,23,Z,Y,-0.126
10,23,Z,Z,0.954
10,24,X,X,0.18
10,24,X,Y,0.198
10,24,X,Z,0.072
10,24,Y,X,-0.171
10,24,Y,Y,-0.135
10,24,Y,Z,-0.099
10,24,Z,X,-0.009
10,24,Z,Y,0.009
10,24,Z,Z,0.909
10,25,X,X,0.054
10,25,X,Y,-0.072
10,25,X,Z,-0.018
10,25,Y,X,0.0
10,25,Y,Y,0.207
10,25,Y,Z,-0.018
10,25,Z,X,0.135
10,25,Z,Y,-0.117
10,25,Z,Z,0.873
10,26,X,X,0.054
10,26,X,Y,-0.117
10,26,X,Z,-0.009
10,26,Y,X,-0.198
10,26,Y,Y,0.162
10,26,Y,Z,0.009
10,26,Z,X,-0.279
10,26,Z,Y,-0.108
10,26,Z,Z,0.972
10,27,X,X,-0.162
10,27,X,Y,-0.063
10,27,X,Z,-0.009
10,27,Y,X,-0.072
10,27,Y,Y,-0.072
10,27,Y,Z,0.063
10,27,Z,X,0.117
10,27,Z,Y,-0.144
10,27,Z,Z,1.026
10,28,X,X,-0.081
10,28,X,Y,0.108
10,28,X,Z,0.207
10,28,Y,X,0.027
10,28,Y,Y,-0.063
10,28,Y,Z,-0.045
10,28,Z,X,-0.171
10,28,Z,Y,0.072
10,28,Z,Z,0.864
10,29,X,X,0.0
10,29,X,Y,0.153
10,29,X,Z,0.045
10,29,Y,X,0.036
10,29,Y,Y,0.18
10,29,Y,Z,0.027
10,29,Z,X,-0.018
10,29,Z,Y,0.081
10,29,Z,Z,1.008
11,12,X,X,0.018
11,12,X,Y,-0.144
11,12,X,Z,0.009
11,12,Y,X,-0.009
11,12,Y,Y,0.153
11,12,Y,Z,-0.045
11,12,Z,X,0.072
11,12,Z,Y,0.027
11,12,Z,Z,1.053
11,13,X,X,-0.045
11,13,X,Y,0.153
11,13,X,Z,0.117
11,13,Y,X,0.027
11,13,Y,Y,0.081
11,13,Y,Z,-0.063
11,13,Z,X,0.135
11,13,Z,Y,0.108
11,13,Z,Z,0.981
11,14,X,X,0.018
11,14,X,Y,-0.036
11,14,X,Z,-0.009
11,14,Y,X,0.072
11,14,Y,Y,-0.018
11,14,Y,Z,-0.207
11,14,Z,X,-0.126
11,14,Z,Y,-0.036
11,14,Z,Z,1.134
11,15,X,X,0.036
11,15,X,Y,-0.099
11,15,X,Z,-0.072
11,15,Y,X,0.081
11,15,Y,Y,0.144
11,15,Y,Z,-0.09
11,15,Z,X,-0.054
11,15,Z,Y,0.189
11,15,Z,Z,1.035
11,16,X,X,-0.054
11,16,X,Y,-0.198
11,16,X,Z,0.027
11,16,Y,X,-0.009
11,16,Y,Y,-0.09
11,16,Y,Z,0.0
11,16,Z,X,0.153
11,16,Z,Y,0.108
11,16,Z,Z,1.017
11,17,X,X,0.171
11,17,X,Y,0.009
11,17,X,Z,-0.027
11,17,Y,X,-0.045
11,17,Y,Y,0.036
11,17,Y,Z,-0.126
11,17,Z,X,0.081
11,17,Z,Y,0.036
11,17,Z,Z,1.107
11,18,X,X,-0.063
11,18,X,Y,-0.018
11,18,X,Z,0.0
11,18,Y,X,-0.018
11,18,Y,Y,0.09
11,18,Y,Z,-0.045
11,18,Z,X,-0.027
11,18,Z,Y,-0.027
11,18,Z,Z,0.972
11,19,X,X,0.081
11,19,X,Y,-0.126
11,19,X,Z,0.0
11,19,Y,X,-0.063
11,19,Y,Y,-0.108
11,19,Y,Z,-0.018
11,19,Z,X,-0.027
11,19,Z,Y,0.081
11,19,Z,Z,0.972
11,20,X,X,-0.018
11,20,X,Y,0.18
11,20,X,Z,0.009
11,20,Y,X,-0.063
11,20,Y,Y,-0.189
11,20,Y,Z,-0.081
11,20,Z,X,-0.171
11,20,Z,Y,0.054
11,20,Z,Z,0.909
11,21,X,X,0.045
11,21,X,Y,-0.009
11,21,X,Z,-0.009
11,21,Y,X,-0.018
11,21,Y,Y,-0.054
11,21,Y,Z,-0.009
11,21,Z,X,-0.09
11,21,Z,Y,0.027
11,21,Z,Z,0.999
11,22,X,X,0.027
11,22,X,Y,-0.063
11,22,X,Z,0.261
11,22,Y,X,-0.09
11,22,Y,Y,0.117
11,22,Y,Z,-0.108
11,22,Z,X,0.027
11,22,Z,Y,0.126
11,22,Z,Z,0.945
11,23,X,X,-0.099
11,23,X,Y,-0.162
11,23,X,Z,0.072
11,23,Y,X,-0.126
11,23,Y,Y,0.0
11,23,Y,Z,-0.063
11,23,Z,X,0.009
11,23,Z,Y,-0.153
11,23,Z,Z,0.954
11,24,X,X,0.054
11,24,X,Y,0.09
11,24,X,Z,0.135
11,24,Y,X,-0.243
11,24,Y,Y,-0.045
11,24,Y,Z,-0.171
11,24,Z,X,-0.063
11,24,Z,Y,-0.243
11,24,Z,Z,0.972
11,25,X,X,0.054
11,25,X,Y,0.171
11,25,X,Z,0.072
11,25,Y,X,-0.036
11,25,Y,Y,0.054
11,25,Y,Z,-0.135
11,25,Z,X,-0.027
11,25,Z,Y,0.099
11,25,Z,Z,0.9
11,26,X,X,0.198
11,26,X,Y,0.189
11,26,X,Z,0.0
11,26,Y,X,0.117
11,26,Y,Y,-0.054
11,26,Y,Z,-0.036
11,26,Z,X,-0.054
11,26,Z,Y,-0.018
11,26,Z,Z,0.936
11,27,X,X,-0.081
11,27,X,Y,0.153
11,27,X,Z,0.009
11,27,Y,X,-0.081
11,27,Y,Y,0.135
11,27,Y,Z,-0.063
11,27,Z,X,0.225
11,27,Z,Y,-0.081
11,27,Z,Z,1.08
11,28,X,X,-0.108
11,28,X,Y,0.045
11,28,X,Z,0.0
11,28,Y,X,0.045
11,28,Y,Y,-0.216
11,28,Y,Z,-0.18
11,28,Z,X,-0.036
11,28,Z,Y,0.09
11,28,Z,Z,1.17
11,29,X,X,0.108
11,29,X,Y,0.126
11,29,X,Z,0.045
11,29,Y,X,0.117
11,29,Y,Y,0.0
11,29,Y,Z,-0.072
11,29,Z,X,0.081
11,29,Z,Y,-0.09
11,29,Z,Z,1.053
12,13,X,X,0.018
12,13,X,Y,-0.135
12,13,X,Z,0.018
12,13,Y,X,-0.027
12,13,Y,Y,0.108
12,13,Y,Z,0.081
12,13,Z,X,-0.036
12,13,Z,Y,0.171
12,13,Z,Z,1.062
12,14,X,X,-0.009
12,14,X,Y,0.117
12,14,X,Z,-0.063
12,14,Y,X,-0.099
12,14,Y,Y,-0.135
12,14,Y,Z,-0.018
12,14,Z,X,0.162
12,14,Z,Y,-0.072
12,14,Z,Z,1.179
12,15,X,X,-0.045
12,15,X,Y,0.054
12,15,X,Z,-0.036
12,15,Y,X,0.036
12,15,Y,Y,0.0
12,15,Y,Z,0.0
12,15,Z,X,0.09
12,15,Z,Y,0.018
12,15,Z,Z,1.107
12,16,X,X,0.018
12,16,X,Y,0.243
12,16,X,Z,-0.09
12,16,Y,X,-0.108
12,16,Y,Y,0.009
12,16,Y,Z,0.171
12,16,Z,X,0.072
12,16,Z,Y,-0.018
12,16,Z,Z,0.999
12,17,X,X,-0.018
12,17,X,Y,0.072
12,17,X,Z,-0.117
12,17,Y,X,0.009
12,17,Y,Y,-0.009
12,17,Y,Z,0.018
12,17,Z,X,-0.018
12,17,Z,Y,0.036
12,17,Z,Z,1.143
12,18,X,X,-0.027
12,18,X,Y,-0.009
12,18,X,Z,0.027
12,18,Y,X,0.09
12,18,Y,Y,-0.009
12,18,Y,Z,0.135
12,18,Z,X,-0.027
12,18,Z,Y,0.027
12,18,Z,Z,1.107
12,19,X,X,0.009
12,19,X,Y,0.117
12,19,X,Z,-0.027
12,19,Y,X,-0.099
12,19,Y,Y,-0.09
12,19,Y,Z,0.135
12,19,Z,X,0.045
12,19,Z,Y,0.036
12,19,Z,Z,1.008
12,20,X,X,-0.198
12,20,X,Y,-0.081
12,20,X,Z,-0.09
12,20,Y,X,0.009
12,20,Y,Y,0.027
12,20,Y,Z,0.216
12,20,Z,X,-0.063
12,20,Z,Y,0.027
12,20,Z,Z,1.017
12,21,X,X,0.072
12,21,X,Y,-0.072
12,21,X,Z,0.027
12,21,Y,X,-0.09
12,21,Y,Y,0.045
12,21,Y,Z,-0.027
12,21,Z,X,-0.117
12,21,Z,Y,0.153
12,21,Z,Z,1.017
12,22,X,X,0.036
12,22,X,Y,0.09
12,22,X,Z,-0.027
12,22,Y,X,-0.081
12,22,Y,Y,0.036
12,22,Y,Z,0.063
12,22,Z,X,-0.027
12,22,Z,Y,0.09
12,22,Z,Z,1.152
12,23,X,X,0.018
12,23,X,Y,-0.081
12,23,X,Z,0.036
12,23,Y,X,-0.018
12,23,Y,Y,-0.009
12,23,Y,Z,0.063
12,23,Z,X,0.0
12,23,Z,Y,-0.009
12,23,Z,Z,1.134
12,24,X,X,-0.099
12,24,X,Y,-0.054
12,24,X,Z,-0.054
12,24,Y,X,0.0
12,24,Y,Y,0.018
12,24,Y,Z,0.072
12,24,Z,X,-0.045
12,24,Z,Y,0.0
12,24,Z,Z,1.17
12,25,X,X,-0.063
12,25,X,Y,0.126
12,25,X,Z,-0.162
12,25,Y,X,0.063
12,25,Y,Y,-0.171
12,25,Y,Z,0.09
12,25,Z,X,0.063
12,25,Z,Y,-0.081
12,25,Z,Z,1.125
12,26,X,X,-0.054
12,26,X,Y,-0.036
12,26,X,Z,0.027
12,26,Y,X,-0.036
12,26,Y,Y,-0.063
12,26,Y,Z,-0.117
12,26,Z,X,-0.207
12,26,Z,Y,-0.054
12,26,Z,Z,1.008
12,27,X,X,0.072
12,27,X,Y,-0.126
12,27,X,Z,0.027
12,27,Y,X,-0.171
12,27,Y,Y,0.162
12,27,Y,Z,-0.009
12,27,Z,X,0.126
12,27,Z,Y,0.063
12,27,Z,Z,1.134
12,28,X,X,-0.09
12,28,X,Y,-0.153
12,28,X,Z,0.09
12,28,Y,X,-0.054
12,28,Y,Y,-0.045
12,28,Y,Z,-0.045
12,28,Z,X,0.045
12,28,Z,Y,0.045
12,28,Z,Z,1.143
12,29,X,X,0.027
12,29,X,Y,0.054
12,29,X,Z,-0.162
12,29,Y,X,0.054
12,29,Y,Y,-0.063
12,29,Y,Z,0.171
12,29,Z,X,-0.063
12,29,Z,Y,-0.045
12,29,Z,Z,1.233
13,14,X,X,-0.09
13,14,X,Y,0.09
13,14,X,Z,-0.117
13,14,Y,X,-0.009
13,14,Y,Y,-0.018
13,14,Y,Z,0.099
13,14,Z,X,0.063
13,14,Z,Y,-0.108
13,14,Z,Z,1.008
13,15,X,X,-0.018
13,15,X,Y,0.036
13,15,X,Z,0.117
13,15,Y,X,-0.063
13,15,Y,Y,-0.171
13,15,Y,Z,-0.144
13,15,Z,X,0.144
13,15,Z,Y,0.153
13,15,Z,Z,1.026
13,16,X,X,-0.018
13,16,X,Y,-0.045
13,16,X,Z,-0.072
13,16,Y,X,-0.054
13,16,Y,Y,0.063
13,16,Y,Z,0.009
13,16,Z,X,0.018
13,16,Z,Y,-0.162
13,16,Z,Z,0.909
13,17,X,X,0.081
13,17,X,Y,-0.117
13,17,X,Z,0.081
13,17,Y,X,0.117
13,17,Y,Y,-0.126
13,17,Y,Z,-0.063
13,17,Z,X,0.099
13,17,Z,Y,-0.036
13,17,Z,Z,1.044
13,18,X,X,-0.225
13,18,X,Y,-0.054
13,18,X,Z,0.036
13,18,Y,X,-0.027
13,18,Y,Y,0.009
13,18,Y,Z,0.036
13,18,Z,X,0.036
13,18,Z,Y,0.018
13,18,Z,Z,1.053
13,19,X,X,0.0
13,19,X,Y,0.09
13,19,X,Z,0.117
13,19,Y,X,-0.225
13,19,Y,Y,0.027
13,19,Y,Z,0.072
13,19,Z,X,0.072
13,19,Z,Y,-0.036
13,19,Z,Z,0.945
13,20,X,X,-0.036
13,20,X,Y,0.072
13,20,X,Z,0.009
13,20,Y,X,0.045
13,20,Y,Y,-0.135
13,20,Y,Z,0.018
13,20,Z,X,-0.171
13,20,Z,Y,-0.09
13,20,Z,Z,1.008
13,21,X,X,-0.09
13,21,X,Y,-0.171
13,21,X,Z,-0.018
13,21,Y,X,0.036
13,21,Y,Y,0.171
13,21,Y,Z,-0.081
13,21,Z,X,-0.099
13,21,Z,Y,0.126
13,21,Z,Z,0.954
13,22,X,X,-0.099
13,22,X,Y,0.162
13,22,X,Z,0.018
13,22,Y,X,0.0
13,22,Y,Y,-0.045
13,22,Y,Z,0.045
13,22,Z,X,0.009
13,22,Z,Y,-0.117
13,22,Z,Z,0.927
13,23,X,X,0.171
13,23,X,Y,0.036
13,23,X,Z,0.054
13,23,Y,X,0.108
13,23,Y,Y,-0.081
13,23,Y,Z,0.081
13,23,Z,X,-0.045
13,23,Z,Y,-0.144
13,23,Z,Z,0.882
13,24,X,X,-0.189
13,24,X,Y,-0.18
13,24,X,Z,0.108
13,24,Y,X,0.108
13,24,Y,Y,-0.072
13,24,Y,Z,0.036
13,24,Z,X,0.009
13,24,Z,Y,-0.108
13,24,Z,Z,1.008
13,25,X,X,0.063
13,25,X,Y,-0.045
13,25,X,Z,-0.171
13,25,Y,X,-0.162
13,25,Y,Y,-0.072
13,25,Y,Z,0.072
13,25,Z,X,-0.018
13,25,Z,Y,-0.117
13,25,Z,Z,0.972
13,26,X,X,-0.018
13,26,X,Y,0.054
13,26,X,Z,-0.009
13,26,Y,X,0.027
13,26,Y,Y,0.054
13,26,Y,Z,-0.153
13,26,Z,X,-0.09
13,26,Z,Y,0.045
13,26,Z,Z,0.882
13,27,X,X,-0.036
13,27,X,Y,0.054
13,27,X,Z,-0.027
13,27,Y,X,-0.009
13,27,Y,Y,0.063
13,27,Y,Z,-0.108
13,27,Z,X,-0.054
13,27,Z,Y,-0.198
13,27,Z,Z,0.909
13,28,X,X,0.108
13,28,X,Y,-0.036
13,28,X,Z,0.045
13,28,Y,X,0.018
13,28,Y,Y,-0.135
13,28,Y,Z,-0.009
13,28,Z,X,-0.027
13,28,Z,Y,-0.036
13,28,Z,Z,1.08
13,29,X,X,0.0
13,29,X,Y,0.126
13,29,X,Z,0.117
13,29,Y,X,-0.009
13,29,Y,Y,-0.153
13,29,Y,Z,-0.108
13,29,Z,X,-0.009
13,29,Z,Y,0.153
13,29,Z,Z,0.945
14,15,X,X,-0.072
14,15,X,Y,0.063
14,15,X,Z,0.009
14,15,Y,X,0.09
14,15,Y,Y,-0.054
14,15,Y,Z,-0.108
14,15,Z,X,0.063
14,15,Z,Y,0.009
14,15,Z,Z,1.062
14,16,X,X,-0.117
14,16,X,Y,-0.144
14,16,X,Z,-0.081
14,16,Y,X,0.117
14,16,Y,Y,-0.081
14,16,Y,Z,-0.126
14,16,Z,X,-0.018
14,16,Z,Y,-0.009
14,16,Z,Z,1.017
14,17,X,X,0.135
14,17,X,Y,-0.189
14,17,X,Z,-0.018
14,17,Y,X,0.054
14,17,Y,Y,0.054
14,17,Y,Z,-0.054
14,17,Z,X,0.126
14,17,Z,Y,0.072
14,17,Z,Z,1.206
14,18,X,X,0.072
14,18,X,Y,-0.108
14,18,X,Z,0.09
14,18,Y,X,-0.153
14,18,Y,Y,0.054
14,18,Y,Z,-0.063
14,18,Z,X,0.009
14,18,Z,Y,-0.045
14,18,Z,Z,0.972
14,19,X,X,-0.108
14,19,X,Y,-0.045
14,19,X,Z,-0.045
14,19,Y,X,-0.045
14,19,Y,Y,-0.135
14,19,Y,Z,0.09
14,19,Z,X,0.018
14,19,Z,Y,-0.063
14,19,Z,Z,1.017
14,20,X,X,-0.126
14,20,X,Y,0.099
14,20,X,Z,-0.045
14,20,Y,X,0.036
14,20,Y,Y,0.126
14,20,Y,Z,-0.162
14,20,Z,X,-0.108
14,20,Z,Y,0.018
14,20,Z,Z,0.972
14,21,X,X,-0.117
14,21,X,Y,0.018
14,21,X,Z,0.117
14,21,Y,X,0.09
14,21,Y,Y,-0.072
14,21,Y,Z,-0.072
14,21,Z,X,-0.018
14,21,Z,Y,0.072
14,21,Z,Z,1.044
14,22,X,X,0.0
14,22,X,Y,0.081
14,22,X,Z,0.099
14,22,Y,X,0.009
14,22,Y,Y,0.117
14,22,Y,Z,-0.036
14,22,Z,X,-0.009
14,22,Z,Y,-0.054
14,22,Z,Z,1.107
14,23,X,X,0.144
14,23,X,Y,0.009
14,23,X,Z,-0.009
14,23,Y,X,-0.054
14,23,Y,Y,-0.063
14,23,Y,Z,-0.099
14,23,Z,X,0.0
14,23,Z,Y,-0.045
14,23,Z,Z,1.017
14,24,X,X,0.045
14,24,X,Y,0.036
14,24,X,Z,0.009
14,24,Y,X,-0.081
14,24,Y,Y,-0.18
14,24,Y,Z,-0.171
14,24,Z,X,-0.108
14,24,Z,Y,-0.072
14,24,Z,Z,1.008
14,25,X,X,-0.036
14,25,X,Y,0.054
14,25,X,Z,0.054
14,25,Y,X,-0.108
14,25,Y,Y,-0.243
14,25,Y,Z,-0.153
14,25,Z,X,0.081
14,25,Z,Y,0.135
14,25,Z,Z,1.08
14,26,X,X,0.0
14,26,X,Y,-0.09
14,26,X,Z,0.018
14,26,Y,X,0.072
14,26,Y,Y,0.0
14,26,Y,Z,-0.018
14,26,Z,X,-0.063
14,26,Z,Y,0.081
14,26,Z,Z,1.134
14,27,X,X,0.009
14,27,X,Y,-0.036
14,27,X,Z,0.009
14,27,Y,X,0.045
14,27,Y,Y,-0.18
14,27,Y,Z,-0.135
14,27,Z,X,0.063
14,27,Z,Y,-0.261
14,27,Z,Z,1.134
14,28,X,X,-0.054
14,28,X,Y,-0.072
14,28,X,Z,-0.036
14,28,Y,X,0.126
14,28,Y,Y,0.036
14,28,Y,Z,-0.018
14,28,Z,X,-0.063
14,28,Z,Y,0.081
14,28,Z,Z,0.99
14,29,X,X,0.018
14,29,X,Y,-0.063
14,29,X,Z,-0.081
14,29,Y,X,-0.09
14,29,Y,Y,0.099
14,29,Y,Z,-0.009
14,29,Z,X,0.09
14,29,Z,Y,-0.036
14,29,Z,Z,1.08
15,16,X,X,-0.045
15,16,X,Y,0.027
15,16,X,Z,-0.045
15,16,Y,X,-0.045
15,16,Y,Y,-0.099
15,16,Y,Z,0.108
15,16,Z,X,0.108
15,16,Z,Y,0.108
15,16,Z,Z,0.999
15,17,X,X,0.036
15,17,X,Y,0.153
15,17,X,Z,-0.036
15,17,Y,X,0.099
15,17,Y,Y,-0.09
15,17,Y,Z,-0.027
15,17,Z,X,-0.054
15,17,Z,Y,-0.054
15,17,Z,Z,1.017
15,18,X,X,0.018
15,18,X,Y,-0.081
15,18,X,Z,0.0
15,18,Y,X,0.018
15,18,Y,Y,-0.027
15,18,Y,Z,0.063
15,18,Z,X,0.108
15,18,Z,Y,-0.081
15,18,Z,Z,0.972
15,19,X,X,-0.063
15,19,X,Y,-0.054
15,19,X,Z,-0.126
15,19,Y,X,-0.018
15,19,Y,Y,-0.09
15,19,Y,Z,-0.036
15,19,Z,X,0.126
15,19,Z,Y,-0.027
15,19,Z,Z,1.134
15,20,X,X,0.0
15,20,X,Y,-0.153
15,20,X,Z,0.0
15,20,Y,X,-0.108
15,20,Y,Y,-0.018
15,20,Y,Z,-0.018
15,20,Z,X,-0.036
15,20,Z,Y,0.018
15,20,Z,Z,0.855
15,21,X,X,-0.171
15,21,X,Y,-0.099
15,21,X,Z,-0.117
15,21,Y,X,0.018
15,21,Y,Y,-0.18
15,21,Y,Z,0.054
15,21,Z,X,-0.018
15,21,Z,Y,0.063
15,21,Z,Z,1.134
15,22,X,X,-0.036
15,22,X,Y,-0.081
15,22,X,Z,0.0
15,22,Y,X,0.036
15,22,Y,Y,0.072
15,22,Y,Z,-0.216
15,22,Z,X,-0.144
15,22,Z,Y,-0.135
15,22,Z,Z,0.972
15,23,X,X,0.063
15,23,X,Y,-0.099
15,23,X,Z,-0.045
15,23,Y,X,-0.081
15,23,Y,Y,-0.009
15,23,Y,Z,0.09
15,23,Z,X,-0.126
15,23,Z,Y,-0.045
15,23,Z,Z,0.846
15,24,X,X,0.09
15,24,X,Y,-0.081
15,24,X,Z,0.09
15,24,Y,X,0.009
15,24,Y,Y,-0.063
15,24,Y,Z,-0.018
15,24,Z,X,0.081
15,24,Z,Y,-0.036
15,24,Z,Z,0.936
15,25,X,X,-0.072
15,25,X,Y,-0.153
15,25,X,Z,-0.018
15,25,Y,X,-0.072
15,25,Y,Y,0.081
15,25,Y,Z,-0.117
15,25,Z,X,-0.009
15,25,Z,Y,-0.036
15,25,Z,Z,0.99
15,26,X,X,0.027
15,26,X,Y,-0.216
15,26,X,Z,-0.126
15,26,Y,X,0.225
15,26,Y,Y,-0.009
15,26,Y,Z,-0.054
15,26,Z,X,-0.045
15,26,Z,Y,-0.108
15,26,Z,Z,1.026
15,27,X,X,0.081
15,27,X,Y,-0.027
15,27,X,Z,-0.063
15,27,Y,X,-0.225
15,27,Y,Y,-0.018
15,27,Y,Z,-0.045
15,27,Z,X,0.009
15,27,Z,Y,-0.072
15,27,Z,Z,0.99
15,28,X,X,0.09
15,28,X,Y,0.018
15,28,X,Z,-0.099
15,28,Y,X,0.0
15,28,Y,Y,0.072
15,28,Y,Z,-0.018
15,28,Z,X,0.045
15,28,Z,Y,0.009
15,28,Z,Z,1.179
15,29,X,X,0.09
15,29,X,Y,0.027
15,29,X,Z,0.054
15,29,Y,X,-0.036
15,29,Y,Y,0.018
15,29,Y,Z,0.036
15,29,Z,X,-0.072
15,29,Z,Y,-0.027
15,29,Z,Z,1.044
16,17,X,X,-0.045
16,17,X,Y,-0.018
16,17,X,Z,0.099
16,17,Y,X,-0.144
16,17,Y,Y,-0.018
16,17,Y,Z,-0.018
16,17,Z,X,0.162
16,17,Z,Y,-0.045
16,17,Z,Z,1.035
16,18,X,X,-0.216
16,18,X,Y,0.072
16,18,X,Z,0.108
16,18,Y,X,0.099
16,18,Y,Y,0.198
16,18,Y,Z,-0.009
16,18,Z,X,0.045
16,18,Z,Y,0.045
16,18,Z,Z,0.936
16,19,X,X,0.099
16,19,X,Y,-0.072
16,19,X,Z,-0.009
16,19,Y,X,0.072
16,19,Y,Y,0.153
16,19,Y,Z,0.099
16,19,Z,X,0.072
16,19,Z,Y,-0.072
16,19,Z,Z,0.972
16,20,X,X,0.045
16,20,X,Y,-0.144
16,20,X,Z,-0.045
16,20,Y,X,-0.036
16,20,Y,Y,-0.045
16,20,Y,Z,0.153
16,20,Z,X,-0.045
16,20,Z,Y,-0.036
16,20,Z,Z,1.017
16,21,X,X,-0.108
16,21,X,Y,0.045
16,21,X,Z,0.063
16,21,Y,X,-0.162
16,21,Y,Y,0.09
16,21,Y,Z,-0.036
16,21,Z,X,0.045
16,21,Z,Y,0.045
16,21,Z,Z,1.062
16,22,X,X,0.126
16,22,X,Y,-0.018
16,22,X,Z,0.072
16,22,Y,X,-0.036
16,22,Y,Y,0.018
16,22,Y,Z,0.018
16,22,Z,X,-0.09
16,22,Z,Y,0.144
16,22,Z,Z,0.99
16,23,X,X,-0.027
16,23,X,Y,-0.054
16,23,X,Z,0.099
16,23,Y,X,-0.045
16,23,Y,Y,-0.036
16,23,Y,Z,0.063
16,23,Z,X,-0.036
16,23,Z,Y,0.045
16,23,Z,Z,0.981
16,24,X,X,-0.063
16,24,X,Y,0.108
16,24,X,Z,0.135
16,24,Y,X,0.099
16,24,Y,Y,0.162
16,24,Y,Z,-0.063
16,24,Z,X,-0.018
16,24,Z,Y,0.036
16,24,Z,Z,0.936
16,25,X,X,-0.144
16,25,X,Y,0.009
16,25,X,Z,0.045
16,25,Y,X,-0.054
16,25,Y,Y,0.108
16,25,Y,Z,-0.018
16,25,Z,X,-0.045
16,25,Z,Y,-0.099
16,25,Z,Z,1.044
16,26,X,X,-0.162
16,26,X,Y,0.063
16,26,X,Z,0.135
16,26,Y,X,-0.018
16,26,Y,Y,-0.018
16,26,Y,Z,-0.036
16,26,Z,X,-0.027
16,26,Z,Y,0.0
16,26,Z,Z,0.963
16,27,X,X,0.0
16,27,X,Y,0.108
16,27,X,Z,0.054
16,27,Y,X,0.099
16,27,Y,Y,-0.027
16,27,Y,Z,0.0
16,27,Z,X,0.0
16,27,Z,Y,0.0
16,27,Z,Z,0.864
16,28,X,X,-0.09
16,28,X,Y,0.009
16,28,X,Z,0.063
16,28,Y,X,0.054
16,28,Y,Y,0.216
16,28,Y,Z,-0.108
16,28,Z,X,0.081
16,28,Z,Y,0.108
16,28,Z,Z,1.179
16,29,X,X,0.225
16,29,X,Y,0.018
16,29,X,Z,0.063
16,29,Y,X,-0.18
16,29,Y,Y,0.261
16,29,Y,Z,-0.009
16,29,Z,X,0.045
16,29,Z,Y,-0.045
16,29,Z,Z,1.008
17,18,X,X,-0.054
17,18,X,Y,-0.135
17,18,X,Z,-0.018
17,18,Y,X,0.126
17,18,Y,Y,-0.117
17,18,Y,Z,-0.018
17,18,Z,X,-0.036
17,18,Z,Y,-0.063
17,18,Z,Z,0.945
17,19,X,X,-0.135
17,19,X,Y,-0.198
17,19,X,Z,-0.054
17,19,Y,X,0.117
17,19,Y,Y,0.027
17,19,Y,Z,0.009
17,19,Z,X,0.081
17,19,Z,Y,0.0
17,19,Z,Z,1.071
17,20,X,X,-0.081
17,20,X,Y,-0.198
17,20,X,Z,0.072
17,20,Y,X,0.072
17,20,Y,Y,0.171
17,20,Y,Z,0.036
17,20,Z,X,-0.045
17,20,Z,Y,0.072
17,20,Z,Z,0.909
17,21,X,X,0.144
17,21,X,Y,0.036
17,21,X,Z,-0.009
17,21,Y,X,0.063
17,21,Y,Y,-0.072
17,21,Y,Z,0.09
17,21,Z,X,0.018
17,21,Z,Y,0.108
17,21,Z,Z,0.954
17,22,X,X,0.054
17,22,X,Y,-0.063
17,22,X,Z,-0.09
17,22,Y,X,-0.117
17,22,Y,Y,-0.063
17,22,Y,Z,0.045
17,22,Z,X,-0.081
17,22,Z,Y,-0.054
17,22,Z,Z,1.017
17,23,X,X,-0.126
17,23,X,Y,0.072
17,23,X,Z,-0.009
17,23,Y,X,-0.009
17,23,Y,Y,-0.036
17,23,Y,Z,0.108
17,23,Z,X,-0.081
17,23,Z,Y,-0.135
17,23,Z,Z,0.99
17,24,X,X,0.081
17,24,X,Y,-0.099
17,24,X,Z,0.171
17,24,Y,X,-0.072
17,24,Y,Y,0.126
17,24,Y,Z,0.081
17,24,Z,X,-0.081
17,24,Z,Y,-0.189
17,24,Z,Z,0.99
17,25,X,X,0.09
17,25,X,Y,-0.036
17,25,X,Z,0.063
17,25,Y,X,0.018
17,25,Y,Y,0.135
17,25,Y,Z,-0.054
17,25,Z,X,0.063
17,25,Z,Y,0.009
17,25,Z,Z,1.098
17,26,X,X,-0.054
17,26,X,Y,-0.045
17,26,X,Z,-0.126
17,26,Y,X,0.09
17,26,Y,Y,0.0
17,26,Y,Z,0.117
17,26,Z,X,-0.045
17,26,Z,Y,-0.054
17,26,Z,Z,0.909
17,27,X,X,-0.117
17,27,X,Y,0.0
17,27,X,Z,0.054
17,27,Y,X,-0.072
17,27,Y,Y,-0.036
17,27,Y,Z,0.009
17,27,Z,X,0.072
17,27,Z,Y,-0.117
17,27,Z,Z,0.909
17,28,X,X,0.063
17,28,X,Y,0.081
17,28,X,Z,0.081
17,28,Y,X,-0.018
17,28,Y,Y,0.0
17,28,Y,Z,0.099
17,28,Z,X,-0.036
17,28,Z,Y,0.072
17,28,Z,Z,1.17
17,29,X,X,-0.072
17,29,X,Y,-0.108
17,29,X,Z,-0.027
17,29,Y,X,0.036
17,29,Y,Y,-0.09
17,29,Y,Z,0.099
17,29,Z,X,0.126
17,29,Z,Y,-0.162
17,29,Z,Z,1.044
18,19,X,X,-0.072
18,19,X,Y,0.279
18,19,X,Z,0.099
18,19,Y,X,0.099
18,19,Y,Y,-0.144
18,19,Y,Z,0.036
18,19,Z,X,0.036
18,19,Z,Y,-0.126
18,19,Z,Z,0.909
18,20,X,X,0.153
18,20,X,Y,0.045
18,20,X,Z,0.036
18,20,Y,X,-0.045
18,20,Y,Y,-0.063
18,20,Y,Z,0.063
18,20,Z,X,-0.09
18,20,Z,Y,-0.027
18,20,Z,Z,0.882
18,21,X,X,0.045
18,21,X,Y,0.18
18,21,X,Z,-0.009
18,21,Y,X,-0.153
18,21,Y,Y,0.054
18,21,Y,Z,-0.018
18,21,Z,X,-0.117
18,21,Z,Y,0.198
18,21,Z,Z,0.882
18,22,X,X,0.009
18,22,X,Y,0.018
18,22,X,Z,0.117
18,22,Y,X,0.054
18,22,Y,Y,-0.108
18,22,Y,Z,0.045
18,22,Z,X,-0.045
18,22,Z,Y,0.054
18,22,Z,Z,0.99
18,23,X,X,0.036
18,23,X,Y,-0.144
18,23,X,Z,-0.018
18,23,Y,X,-0.099
18,23,Y,Y,-0.189
18,23,Y,Z,-0.027
18,23,Z,X,0.045
18,23,Z,Y,-0.144
18,23,Z,Z,0.864
18,24,X,X,-0.108
18,24,X,Y,-0.054
18,24,X,Z,-0.036
18,24,Y,X,-0.063
18,24,Y,Y,0.117
18,24,Y,Z,-0.045
18,24,Z,X,-0.045
18,24,Z,Y,-0.153
18,24,Z,Z,1.053
18,25,X,X,-0.207
18,25,X,Y,0.045
18,25,X,Z,-0.072
18,25,Y,X,-0.054
18,25,Y,Y,-0.009
18,25,Y,Z,0.072
18,25,Z,X,0.018
18,25,Z,Y,0.072
18,25,Z,Z,0.999
18,26,X,X,-0.036
18,26,X,Y,0.0
18,26,X,Z,-0.072
18,26,Y,X,-0.018
18,26,Y,Y,0.045
18,26,Y,Z,0.09
18,26,Z,X,-0.117
18,26,Z,Y,0.126
18,26,Z,Z,0.9
18,27,X,X,0.036
18,27,X,Y,0.027
18,27,X,Z,-0.063
18,27,Y,X,0.09
18,27,Y,Y,0.108
18,27,Y,Z,-0.045
18,27,Z,X,0.027
18,27,Z,Y,-0.108
18,27,Z,Z,0.936
18,28,X,X,-0.234
18,28,X,Y,0.072
18,28,X,Z,-0.054
18,28,Y,X,0.054
18,28,Y,Y,-0.126
18,28,Y,Z,-0.045
18,28,Z,X,-0.081
18,28,Z,Y,-0.045
18,28,Z,Z,1.089
18,29,X,X,-0.09
18,29,X,Y,-0.009
18,29,X,Z,-0.045
18,29,Y,X,0.063
18,29,Y,Y,0.189
18,29,Y,Z,-0.099
18,29,Z,X,0.081
18,29,Z,Y,0.072
18,29,Z,Z,0.99
19,20,X,X,0.0
19,20,X,Y,0.072
19,20,X,Z,-0.027
19,20,Y,X,0.18
19,20,Y,Y,0.099
19,20,Y,Z,0.0
19,20,Z,X,-0.018
19,20,Z,Y,0.054
19,20,Z,Z,1.062
19,21,X,X,-0.135
19,21,X,Y,-0.09
19,21,X,Z,0.144
19,21,Y,X,-0.009
19,21,Y,Y,-0.108
19,21,Y,Z,-0.072
19,21,Z,X,-0.063
19,21,Z,Y,0.216
19,21,Z,Z,1.071
19,22,X,X,-0.036
19,22,X,Y,0.027
19,22,X,Z,0.162
19,22,Y,X,0.018
19,22,Y,Y,-0.135
19,22,Y,Z,-0.018
19,22,Z,X,-0.09
19,22,Z,Y,0.036
19,22,Z,Z,0.99
19,23,X,X,0.054
19,23,X,Y,0.09
19,23,X,Z,0.081
19,23,Y,X,0.09
19,23,Y,Y,-0.126
19,23,Y,Z,0.117
19,23,Z,X,-0.18
19,23,Z,Y,-0.009
19,23,Z,Z,0.927
19,24,X,X,-0.009
19,24,X,Y,-0.054
19,24,X,Z,0.072
19,24,Y,X,0.189
19,24,Y,Y,0.045
19,24,Y,Z,-0.063
19,24,Z,X,0.054
19,24,Z,Y,-0.153
19,24,Z,Z,0.909
19,25,X,X,-0.036
19,25,X,Y,-0.009
19,25,X,Z,0.036
19,25,Y,X,0.009
19,25,Y,Y,0.0
19,25,Y,Z,0.018
19,25,Z,X,0.072
19,25,Z,Y,0.135
19,25,Z,Z,1.035
19,26,X,X,-0.09
19,26,X,Y,0.018
19,26,X,Z,0.189
19,26,Y,X,0.0
19,26,Y,Y,0.144
19,26,Y,Z,0.027
19,26,Z,X,-0.045
19,26,Z,Y,-0.009
19,26,Z,Z,0.936
19,27,X,X,0.126
19,27,X,Y,-0.054
19,27,X,Z,0.045
19,27,Y,X,0.126
19,27,Y,Y,0.054
19,27,Y,Z,0.027
19,27,Z,X,0.081
19,27,Z,Y,-0.081
19,27,Z,Z,0.972
19,28,X,X,0.036
19,28,X,Y,-0.135
19,28,X,Z,0.144
19,28,Y,X,0.054
19,28,Y,Y,0.027
19,28,Y,Z,-0.126
19,28,Z,X,-0.117
19,28,Z,Y,0.045
19,28,Z,Z,1.026
19,29,X,X,0.0
19,29,X,Y,0.108
19,29,X,Z,0.153
19,29,Y,X,0.054
19,29,Y,Y,-0.135
19,29,Y,Z,-0.144
19,29,Z,X,-0.072
19,29,Z,Y,-0.009
19,29,Z,Z,0.945
20,21,X,X,0.027
20,21,X,Y,0.063
20,21,X,Z,0.072
20,21,Y,X,-0.099
20,21,Y,Y,-0.009
20,21,Y,Z,0.045
20,21,Z,X,-0.081
20,21,Z,Y,0.162
20,21,Z,Z,1.008
20,22,X,X,0.171
20,22,X,Y,-0.072
20,22,X,Z,-0.117
20,22,Y,X,0.081
20,22,Y,Y,0.036
20,22,Y,Z,0.216
20,22,Z,X,-0.036
20,22,Z,Y,0.09
20,22,Z,Z,0.999
20,23,X,X,0.099
20,23,X,Y,0.099
20,23,X,Z,-0.018
20,23,Y,X,0.189
20,23,Y,Y,-0.18
20,23,Y,Z,0.072
20,23,Z,X,-0.126
20,23,Z,Y,-0.108
20,23,Z,Z,0.999
20,24,X,X,0.108
20,24,X,Y,0.009
20,24,X,Z,-0.117
20,24,Y,X,0.054
20,24,Y,Y,-0.054
20,24,Y,Z,0.081
20,24,Z,X,-0.018
20,24,Z,Y,-0.117
20,24,Z,Z,1.062
20,25,X,X,-0.045
20,25,X,Y,0.027
20,25,X,Z,0.018
20,25,Y,X,-0.018
20,25,Y,Y,-0.009
20,25,Y,Z,-0.036
20,25,Z,X,0.126
20,25,Z,Y,-0.054
20,25,Z,Z,0.981
20,26,X,X,0.0
20,26,X,Y,0.0
20,26,X,Z,-0.054
20,26,Y,X,0.054
20,26,Y,Y,0.072
20,26,Y,Z,0.081
20,26,Z,X,-0.081
20,26,Z,Y,0.027
20,26,Z,Z,0.801
20,27,X,X,-0.063
20,27,X,Y,0.108
20,27,X,Z,-0.009
20,27,Y,X,0.117
20,27,Y,Y,0.036
20,27,Y,Z,0.054
20,27,Z,X,-0.027
20,27,Z,Y,-0.009
20,27,Z,Z,0.891
20,28,X,X,0.045
20,28,X,Y,-0.018
20,28,X,Z,-0.063
20,28,Y,X,-0.153
20,28,Y,Y,0.018
20,28,Y,Z,0.144
20,28,Z,X,-0.081
20,28,Z,Y,0.045
20,28,Z,Z,0.927
20,29,X,X,0.126
20,29,X,Y,0.036
20,29,X,Z,0.072
20,29,Y,X,-0.027
20,29,Y,Y,-0.144
20,29,Y,Z,0.054
20,29,Z,X,0.063
20,29,Z,Y,0.108
20,29,Z,Z,0.882
21,22,X,X,-0.018
21,22,X,Y,-0.063
21,22,X,Z,0.036
21,22,Y,X,0.09
21,22,Y,Y,0.126
21,22,Y,Z,0.126
21,22,Z,X,-0.054
21,22,Z,Y,-0.063
21,22,Z,Z,1.152
21,23,X,X,-0.018
21,23,X,Y,-0.018
21,23,X,Z,0.045
21,23,Y,X,0.063
21,23,Y,Y,0.081
21,23,Y,Z,0.18
21,23,Z,X,-0.135
21,23,Z,Y,0.036
21,23,Z,Z,0.9
21,24,X,X,0.009
21,24,X,Y,-0.063
21,24,X,Z,0.027
21,24,Y,X,-0.117
21,24,Y,Y,0.027
21,24,Y,Z,0.09
21,24,Z,X,-0.018
21,24,Z,Y,0.018
21,24,Z,Z,0.927
21,25,X,X,0.009
21,25,X,Y,-0.117
21,25,X,Z,-0.117
21,25,Y,X,-0.009
21,25,Y,Y,0.045
21,25,Y,Z,0.18
21,25,Z,X,-0.045
21,25,Z,Y,0.036
21,25,Z,Z,0.936
21,26,X,X,0.018
21,26,X,Y,-0.09
21,26,X,Z,0.063
21,26,Y,X,-0.099
21,26,Y,Y,-0.153
21,26,Y,Z,0.054
21,26,Z,X,-0.108
21,26,Z,Y,-0.054
21,26,Z,Z,1.017
21,27,X,X,-0.009
21,27,X,Y,0.018
21,27,X,Z,0.054
21,27,Y,X,0.0
21,27,Y,Y,-0.027
21,27,Y,Z,0.099
21,27,Z,X,-0.09
21,27,Z,Y,-0.018
21,27,Z,Z,0.927
21,28,X,X,0.09
21,28,X,Y,0.045
21,28,X,Z,-0.09
21,28,Y,X,-0.072
21,28,Y,Y,0.072
21,28,Y,Z,0.126
21,28,Z,X,0.063
21,28,Z,Y,0.036
21,28,Z,Z,1.134
21,29,X,X,0.063
21,29,X,Y,-0.171
21,29,X,Z,-0.027
21,29,Y,X,0.126
21,29,Y,Y,0.108
21,29,Y,Z,0.0
21,29,Z,X,0.063
21,29,Z,Y,-0.027
21,29,Z,Z,0.999
22,23,X,X,0.045
22,23,X,Y,-0.036
22,23,X,Z,-0.135
22,23,Y,X,0.009
22,23,Y,Y,0.108
22,23,Y,Z,0.153
22,23,Z,X,0.108
22,23,Z,Y,-0.063
22,23,Z,Z,0.945
22,24,X,X,0.009
22,24,X,Y,-0.108
22,24,X,Z,0.027
22,24,Y,X,-0.009
22,24,Y,Y,-0.117
22,24,Y,Z,0.072
22,24,Z,X,0.162
22,24,Z,Y,-0.081
22,24,Z,Z,0.945
22,25,X,X,0.144
22,25,X,Y,-0.063
22,25,X,Z,-0.045
22,25,Y,X,-0.09
22,25,Y,Y,-0.009
22,25,Y,Z,-0.081
22,25,Z,X,0.081
22,25,Z,Y,0.036
22,25,Z,Z,1.053
22,26,X,X,0.0
22,26,X,Y,-0.063
22,26,X,Z,-0.099
22,26,Y,X,0.108
22,26,Y,Y,-0.054
22,26,Y,Z,0.09
22,26,Z,X,-0.099
22,26,Z,Y,0.036
22,26,Z,Z,1.053
22,27,X,X,0.045
22,27,X,Y,0.036
22,27,X,Z,0.081
22,27,Y,X,0.144
22,27,Y,Y,-0.027
22,27,Y,Z,-0.027
22,27,Z,X,0.09
22,27,Z,Y,-0.09
22,27,Z,Z,0.954
22,28,X,X,-0.171
22,28,X,Y,0.063
22,28,X,Z,-0.144
22,28,Y,X,-0.027
22,28,Y,Y,0.18
22,28,Y,Z,0.063
22,28,Z,X,-0.189
22,28,Z,Y,-0.072
22,28,Z,Z,1.017
22,29,X,X,0.144
22,29,X,Y,0.171
22,29,X,Z,-0.099
22,29,Y,X,0.09
22,29,Y,Y,0.108
22,29,Y,Z,0.018
22,29,Z,X,0.0
22,29,Z,Y,-0.045
22,29,Z,Z,1.035
23,24,X,X,-0.081
23,24,X,Y,0.027
23,24,X,Z,0.0
23,24,Y,X,0.054
23,24,Y,Y,-0.072
23,24,Y,Z,-0.171
23,24,Z,X,-0.009
23,24,Z,Y,-0.081
23,24,Z,Z,1.035
23,25,X,X,0.036
23,25,X,Y,0.027
23,25,X,Z,-0.027
23,25,Y,X,0.081
23,25,Y,Y,-0.063
23,25,Y,Z,0.081
23,25,Z,X,0.054
23,25,Z,Y,0.0
23,25,Z,Z,1.035
23,26,X,X,-0.135
23,26,X,Y,0.018
23,26,X,Z,-0.009
23,26,Y,X,0.036
23,26,Y,Y,-0.144
23,26,Y,Z,-0.135
23,26,Z,X,0.0
23,26,Z,Y,0.063
23,26,Z,Z,1.008
23,27,X,X,0.0
23,27,X,Y,0.081
23,27,X,Z,0.027
23,27,Y,X,0.072
23,27,Y,Y,-0.189
23,27,Y,Z,-0.216
23,27,Z,X,0.135
23,27,Z,Y,-0.045
23,27,Z,Z,0.963
23,28,X,X,0.063
23,28,X,Y,0.072
23,28,X,Z,0.009
23,28,Y,X,0.144
23,28,Y,Y,-0.045
23,28,Y,Z,-0.09
23,28,Z,X,0.018
23,28,Z,Y,0.108
23,28,Z,Z,1.071
23,29,X,X,-0.081
23,29,X,Y,-0.081
23,29,X,Z,0.018
23,29,Y,X,-0.117
23,29,Y,Y,-0.189
23,29,Y,Z,-0.027
23,29,Z,X,0.018
23,29,Z,Y,0.054
23,29,Z,Z,0.981
24,25,X,X,-0.036
24,25,X,Y,-0.09
24,25,X,Z,-0.054
24,25,Y,X,-0.081
24,25,Y,Y,0.009
24,25,Y,Z,-0.108
24,25,Z,X,0.054
24,25,Z,Y,-0.081
24,25,Z,Z,0.945
24,26,X,X,-0.027
24,26,X,Y,-0.099
24,26,X,Z,-0.072
24,26,Y,X,-0.108
24,26,Y,Y,0.072
24,26,Y,Z,-0.018
24,26,Z,X,-0.144
24,26,Z,Y,0.054
24,26,Z,Z,0.918
24,27,X,X,0.027
24,27,X,Y,0.108
24,27,X,Z,0.009
24,27,Y,X,-0.261
24,27,Y,Y,0.054
24,27,Y,Z,-0.117
24,27,Z,X,-0.009
24,27,Z,Y,-0.081
24,27,Z,Z,1.044
24,28,X,X,0.135
24,28,X,Y,0.054
24,28,X,Z,-0.027
24,28,Y,X,-0.072
24,28,Y,Y,0.261
24,28,Y,Z,-0.081
24,28,Z,X,0.09
24,28,Z,Y,0.198
24,28,Z,Z,1.062
24,29,X,X,-0.126
24,29,X,Y,0.009
24,29,X,Z,-0.099
24,29,Y,X,0.0
24,29,Y,Y,0.018
24,29,Y,Z,-0.126
24,29,Z,X,0.036
24,29,Z,Y,-0.009
24,29,Z,Z,1.035
25,26,X,X,-0.018
25,26,X,Y,-0.099
25,26,X,Z,0.018
25,26,Y,X,-0.171
25,26,Y,Y,0.09
25,26,Y,Z,-0.045
25,26,Z,X,-0.036
25,26,Z,Y,-0.018
25,26,Z,Z,0.981
25,27,X,X,0.09
25,27,X,Y,-0.018
25,27,X,Z,0.153
25,27,Y,X,0.117
25,27,Y,Y,-0.045
25,27,Y,Z,-0.018
25,27,Z,X,0.054
25,27,Z,Y,0.054
25,27,Z,Z,0.981
25,28,X,X,-0.018
25,28,X,Y,-0.027
25,28,X,Z,0.054
25,28,Y,X,0.054
25,28,Y,Y,0.081
25,28,Y,Z,0.009
25,28,Z,X,0.027
25,28,Z,Y,0.171
25,28,Z,Z,1.071
25,29,X,X,-0.117
25,29,X,Y,-0.018
25,29,X,Z,-0.018
25,29,Y,X,-0.135
25,29,Y,Y,-0.018
25,29,Y,Z,-0.045
25,29,Z,X,0.09
25,29,Z,Y,-0.108
25,29,Z,Z,1.089
26,27,X,X,0.045
26,27,X,Y,0.036
26,27,X,Z,-0.036
26,27,Y,X,-0.036
26,27,Y,Y,-0.099
26,27,Y,Z,-0.126
26,27,Z,X,0.126
26,27,Z,Y,0.036
26,27,Z,Z,1.116
26,28,X,X,-0.135
26,28,X,Y,-0.081
26,28,X,Z,0.045
26,28,Y,X,0.018
26,28,Y,Y,0.135
26,28,Y,Z,-0.036
26,28,Z,X,0.036
26,28,Z,Y,0.009
26,28,Z,Z,1.089
26,29,X,X,-0.018
26,29,X,Y,0.018
26,29,X,Z,-0.099
26,29,Y,X,0.081
26,29,Y,Y,-0.009
26,29,Y,Z,0.153
26,29,Z,X,0.279
26,29,Z,Y,0.063
26,29,Z,Z,0.99
27,28,X,X,-0.189
27,28,X,Y,-0.036
27,28,X,Z,-0.018
27,28,Y,X,0.027
27,28,Y,Y,0.108
27,28,Y,Z,0.036
27,28,Z,X,-0.081
27,28,Z,Y,0.063
27,28,Z,Z,1.044
27,29,X,X,-0.09
27,29,X,Y,-0.063
27,29,X,Z,0.018
27,29,Y,X,0.099
27,29,Y,Y,-0.081
27,29,Y,Z,-0.027
27,29,Z,X,0.045
27,29,Z,Y,-0.036
27,29,Z,Z,0.927
28,29,X,X,0.063
28,29,X,Y,0.009
28,29,X,Z,0.009
28,29,Y,X,0.045
28,29,Y,Y,0.072
28,29,Y,Z,0.126
28,29,Z,X,-0.054
28,29,Z,Y,0.027
28,29,Z,Z,1.089
